"","IYR","IMO","RAILROAD","INCDTNO","IYR2","IMO2","RR2","INCDTNO2","IYR3","IMO3","RR3","INCDTNO3","DUMMY1","GXID","YEAR","MONTH","DAY","TIMEHR","TIMEMIN","AMPM","TYPE","CARS","CARSDMG","CARSHZD","EVACUATE","DIVISION","STATION","MILEPOST","STATE","TEMP"
"1",25,11,"BNSF","KS1125105",25,11,"CPKC","ZZZZZZZZZZ",25,11,"BNSF","KS1125105","","",25,11,12,5,10,"AM",1,0,0,0,"0","","KANSAS CITY","4.7",20,45
"2",25,11,"CRSH","147080",NA,NA,"","",25,11,"CRSH","147080","","",25,11,2,12,32,"PM",1,0,0,0,"0","","NEWARK","1",34,65
"3",25,11,"CSX","000228043",NA,NA,"","",25,11,"CSX","000228043","","",25,11,6,5,38,"AM",1,4,0,0,"0","","INDIANAPOLIS","0009.0",18,32
"4",25,11,"BRC","14978",NA,NA,"","",25,11,"BRC","14978","","",25,11,29,3,30,"PM",1,1,0,0,"0","","BEDFORD PARK","9",17,29
"5",25,11,"NS","161663",NA,NA,"","",25,11,"NS","161663","","",25,11,9,12,20,"AM",13,2,0,0,"0","","CHATTANOOGA","335",47,55
"6",25,11,"BNSF","RD1125115",NA,NA,"","",25,11,"BNSF","RD1125115","","",25,11,27,5,5,"AM",1,0,0,0,"0","","TEMPLE","218.6",48,50
"7",25,11,"BNSF","KS1125117",NA,NA,"","",25,11,"BNSF","KS1125117","","",25,11,25,10,0,"AM",1,0,0,0,"0","","KANSAS CITY","4.9",20,54
"8",25,11,"NIRC","9419003090",NA,NA,"","",25,11,"NIRC","9419003090","","478752W",25,11,20,8,1,"AM",7,0,0,0,"0","","CHICAGO","12.87",17,47
"9",25,11,"BNSF","NW1125104",NA,NA,"","",25,11,"BNSF","NW1125104","","",25,11,3,4,30,"PM",1,4,4,0,"0","","PASCO","143.4",53,55
"10",25,11,"GRW","GRW0025F",NA,NA,"","",25,11,"GRW","GRW0025F","","NOTASGN",25,11,30,7,50,"AM",1,0,0,0,"0","","GARY","0.0",18,30
"11",25,11,"BNSF","KS1125114",NA,NA,"","",25,11,"BNSF","KS1125114","","",25,11,24,2,9,"AM",1,0,0,0,"0","","ETTER","64.9",48,44
"12",25,11,"NS","161812",NA,NA,"","",25,11,"NS","161812","","",25,11,30,3,28,"AM",1,0,0,0,"0","","NORTH KANSAS CITY","272",29,30
"13",25,11,"IMRR","IMR334325O",25,11,"BNSF","CH1125-112",25,11,"IMRR","IMR334325O","","",25,11,30,6,15,"PM",1,0,0,0,"0","","PEKIN","12.28",17,27
"14",25,11,"BNSF","CH1125107",NA,NA,"","",25,11,"BNSF","CH1125107","","",25,11,14,3,25,"PM",1,0,0,0,"0","","CENTRALIA","119.5",17,62
"15",25,11,"NS","161663",NA,NA,"","",25,11,"NS","161663","","",25,11,9,12,20,"AM",13,18,3,0,"0","","CHATTANOOGA","335",47,55
"16",25,11,"BNSF","CA1125104",NA,NA,"","",25,11,"BNSF","CA1125104","","",25,11,15,11,47,"AM",9,0,0,0,"0","","SANTA FE SPRINGS","153.3",6,56
"17",25,11,"BNSF","HL1125106",NA,NA,"","",25,11,"BNSF","HL1125106","","",25,11,8,1,59,"AM",1,0,0,0,"0","","MEMPHIS","496.1",47,60
"18",25,11,"CPKC","1002501843",NA,NA,"","",25,11,"CPKC","1002501843","","",25,11,9,6,22,"AM",13,4,0,0,"0","","BEASLEY","903.5",48,65
"19",25,11,"BNSF","CH1125107",NA,NA,"","",25,11,"BNSF","CH1125107","","",25,11,14,3,25,"PM",1,0,0,0,"0","","CENTRALIA","119.5",17,62
"20",25,11,"BNSF","KS1125117",NA,NA,"","",25,11,"BNSF","KS1125117","","",25,11,25,10,0,"AM",1,0,0,0,"0","","KANSAS CITY","4.9",20,54
"21",25,11,"BNSF","CH1125113",NA,NA,"","",25,11,"BNSF","CH1125113","","",25,11,23,2,46,"AM",13,0,0,0,"0","","ELWOOD","1.5",17,40
"22",25,11,"BNSF","CH1125113",NA,NA,"","",25,11,"BNSF","CH1125113","","",25,11,23,2,46,"AM",13,0,0,0,"0","","ELWOOD","1.5",17,40
"23",25,11,"BNSF","RD1125115",NA,NA,"","",25,11,"BNSF","RD1125115","","",25,11,27,5,5,"AM",1,0,0,0,"0","","TEMPLE","218.6",48,50
"24",25,11,"BEAR","BER342825O",25,11,"CSX","000228307",25,11,"BEAR","BER342825O","","",25,11,23,7,0,"AM",1,0,0,0,"0","","AYER","316",25,30
"25",25,11,"CPKC","1002498636",NA,NA,"RCPE","",25,11,"CPKC","1002498636","","",25,11,3,3,0,"PM",9,0,0,0,"0","","GARVIN","227",27,50
"26",25,11,"SEPA","SEPA110325",NA,NA,"","",25,11,"ATK","190626","","",25,11,3,7,33,"PM",9,0,0,0,"0","","EXTON","27.5",42,55
"27",25,11,"BNSF","PR1125108",NA,NA,"","",25,11,"BNSF","PR1125108","","",25,11,16,11,10,"PM",13,0,0,0,"0","","CHEYENNE","119.6",56,45
"28",25,11,"IHB","20252978",25,11,"ZCVD","INDUSTRY",25,11,"IHB","20252978","","",25,11,27,2,40,"AM",1,0,0,0,"0","","EAST CHICAGO","502",18,28
"29",25,11,"ATK","190072",NA,NA,"","",25,11,"ATK","190072","","",25,11,21,12,30,"PM",13,0,0,0,"0","","PHILADELPHIA","0000.0",42,0
"30",25,11,"NS","161712",NA,NA,"","",25,11,"NS","161712","","",25,11,12,1,15,"PM",1,0,0,0,"0","","CHICAGO","510.5",17,56
"31",25,11,"ATK","190233",NA,NA,"","",25,11,"CN","1733063","","",25,11,30,1,38,"PM",1,0,0,0,"0","","JUSTICE","15.3",17,27
"32",25,11,"BNSF","PR1125106",NA,NA,"","",25,11,"BNSF","PR1125106","","",25,11,15,1,57,"AM",1,0,0,0,"0","","GUERNSEY","89.9",56,36
"33",25,11,"FEC","X51110125",25,11,"BLF","20251582",25,11,"FEC","X51110125","","272101L",25,11,1,1,53,"PM",7,0,0,0,"0","","ROCKLEDGE","175.02",12,83
"34",25,11,"NS","161712",NA,NA,"","",25,11,"NS","161712","","",25,11,12,1,15,"PM",1,0,0,0,"0","","CHICAGO","510.5",17,56
"35",25,11,"NS","161712",NA,NA,"","",25,11,"NS","161712","","",25,11,12,1,15,"PM",1,0,0,0,"0","","CHICAGO","510.5",17,56
"36",25,11,"BNSF","TC1125101",NA,NA,"","",25,11,"BNSF","TC1125101","","",25,11,8,12,57,"PM",1,0,0,0,"0","","FRIDLEY","14.0",27,37
"37",25,11,"FEC","X53111525",25,11,"BLF","20251655",25,11,"FEC","X53111525","","272375M",25,11,15,7,32,"AM",7,0,0,0,"0","","JUPITER","282.43",12,71
"38",25,11,"MNCW","86672",NA,NA,"","",25,11,"MNCW","86672","","",25,11,2,1,22,"AM",11,0,0,0,"0","","RYE","22.9",36,45
"39",25,11,"GDLK","251125005",NA,NA,"","",25,11,"GDLK","251125005","","536517J",25,11,25,9,22,"AM",7,0,0,0,"0","","PORTAGE","46.2",26,46
"40",25,11,"CAGY","CAG528925",NA,NA,"","",25,11,"CAGY","CAG528925","","",25,11,6,2,20,"AM",4,0,0,0,"0","","COLUMBUS","919",28,45
"41",25,11,"ATK","189812",NA,NA,"","",25,11,"CSX","000228090","","340161H",25,11,6,8,13,"PM",7,0,0,0,"0","","GAUTIER","0712.0",28,65
"42",25,11,"KCT","U25112161",25,11,"UP","1125HL022",25,11,"UP","1125HL022","","",25,11,21,11,40,"PM",1,0,0,0,"0","","KANSAS CITY","1.94",20,44
"43",25,11,"ATK","189795",NA,NA,"","",NA,NA,"UP","","","",25,11,6,9,14,"AM",13,0,0,0,"0","","MINOT","0000.0",38,42
"44",25,11,"SKOL","251113001",NA,NA,"","",25,11,"SKOL","251113001","","",25,11,13,4,0,"AM",1,0,0,0,"0","","CHERRYVALE","385.4",20,58
"45",25,11,"CSX","000228336",NA,NA,"","",25,11,"CSX","000228336","","",25,11,23,9,25,"PM",13,0,0,0,"0","","PHILADELPHIA","1",42,50
"46",25,11,"CSX","000228090",25,11,"ATK","189812",25,11,"CSX","000228090","","340161H",25,11,6,8,13,"PM",7,0,0,0,"0","","GAUTIER","0712.0",28,65
"47",25,11,"NS","161660",NA,NA,"","",25,11,"NS","161660","","",25,11,7,9,16,"AM",12,9,0,0,"0","","CONWAY","PC023.",42,48
"48",25,11,"BNSF","PR1125108",NA,NA,"","",25,11,"BNSF","PR1125108","","",25,11,16,11,10,"PM",13,0,0,0,"0","","CHEYENNE","119.6",56,45
"49",25,11,"RBMN","R11202502",NA,NA,"","",25,11,"RBMN","R11202502","","",25,11,20,2,30,"PM",1,0,0,0,"0","","TAMAQUA","97.2",42,50
"50",25,11,"UP","1125LA016",NA,NA,"","",25,11,"UP","1125LA016","","",25,11,12,12,30,"PM",9,0,0,0,"0","","LONG BEACH","2.2",6,64
"51",25,11,"RBMN","R11252501",NA,NA,"","",25,11,"RBMN","R11252501","","",25,11,25,10,30,"AM",1,0,0,0,"0","","CRESSONA","1.65",42,40
"52",25,11,"ATK","190157",NA,NA,"","",NA,NA,"UP","","","",25,11,25,12,6,"AM",9,0,0,0,"0","","NORTH LITTLE ROCK","0323.5",5,60
"53",25,11,"SFRV","11122025",NA,NA,"","",25,11,"SFRV","11122025","","628165L",25,11,12,8,28,"AM",7,0,0,0,"0","","BOCA RATON","995.95",12,78
"54",25,11,"ATK","189880",NA,NA,"","",25,11,"CSX","000228143","","628096F",25,11,12,2,25,"PM",7,0,0,0,"0","","WEST PALM BEACH","0960.5",12,73
"55",25,11,"MNCW","86810",NA,NA,"","",25,11,"MNCW","86810","","",25,11,25,12,0,"PM",12,0,0,0,"0","","CROTON ON HUDSON","33.4",36,52
"56",25,11,"ALS","1125AS005",NA,NA,"","",25,11,"ALS","1125AS005","","",25,11,12,7,22,"AM",12,0,0,0,"0","","EAST ST LOUIS","3.49",17,33
"57",25,11,"UP","1125HL002",NA,NA,"","",25,11,"UP","1125HL002","","",25,11,3,12,44,"AM",1,14,0,0,"0","","HUTCHINSON","240.9",20,46
"58",25,11,"NS","161712",NA,NA,"","",25,11,"NS","161712","","",25,11,12,1,15,"PM",1,0,0,0,"0","","CHICAGO","510.5",17,56
"59",25,11,"CSX","000228142",NA,NA,"","",25,11,"CSX","000228142","","",25,11,12,11,12,"AM",9,0,0,0,"0","","FOSTER","627.3",21,50
"60",25,11,"CSX","000228261",NA,NA,"","",25,11,"CSX","000228261","","",25,11,20,11,7,"AM",1,0,0,0,"0","","LAKELAND","856",12,80
"61",25,11,"CSX","000228143",25,11,"ATK","189880",25,11,"CSX","000228143","","628096F",25,11,12,2,25,"PM",7,0,0,0,"0","","WEST PALM BEACH","0960.5",12,73
"62",25,11,"RCPE","RCP318225L",NA,NA,"","",25,11,"SPRQ","INDUSTRY","","",25,11,3,3,0,"PM",9,0,0,0,"0","","TRACY","231.5",27,57
"63",25,11,"BLF","20251725",NA,NA,"","",25,11,"FEC","X55112925","","272592M",25,11,29,7,50,"PM",13,0,0,0,"0","","HALLANDALE","350.56",12,79
"64",25,11,"CSX","000228177",NA,NA,"","",25,11,"CSX","000228177","","279681D",25,11,14,4,56,"AM",7,0,0,0,"0","","LITHONIA","0145.9",13,43
"65",25,11,"NS","161675",NA,NA,"","",25,11,"NS","161675","","",25,11,10,11,20,"AM",13,0,0,0,"0","","DORAVILLE","623.60",13,38
"66",25,11,"CIC","CIC0013F",NA,NA,"","",25,11,"XING","INDUSTRY","","",25,11,14,5,35,"PM",1,1,1,0,"0","","CEDAR RAPIDS","0.6",19,70
"67",25,11,"CSX","000228071",NA,NA,"","",25,11,"CSX","000228071","","",25,11,7,11,35,"AM",12,0,0,0,"0","","CINCINNATI","4",39,50
"68",25,11,"KYLE","KYL329325D",NA,NA,"","",25,11,"KYLE","KYL329325D","","",25,11,22,1,0,"AM",1,0,0,0,"0","","CAWKER CITY","528.5",20,40
"69",25,11,"UP","1125HO016",NA,NA,"","",25,11,"UP","1125HO016","","978290N",25,11,18,6,20,"PM",7,20,0,0,"0","","CONROE","205.45",48,78
"70",25,11,"BNSF","SW1125112",NA,NA,"","",25,11,"BNSF","SW1125112","","",25,11,22,1,15,"AM",1,4,0,0,"0","","FLAGSTAFF","339.9",4,25
"71",25,11,"NS","161608",NA,NA,"","",25,11,"NS","161608","","",25,11,3,4,55,"AM",4,0,0,0,"0","","BELLEVUE","246",39,39
"72",25,11,"UP","1125HL014",NA,NA,"","",25,11,"UP","1125HL014","","",25,11,14,8,0,"PM",9,13,0,0,"0","","WICHITA","481.71",20,56
"73",25,11,"NS","161608",NA,NA,"","",25,11,"NS","161608","","",25,11,3,4,55,"AM",4,2,2,0,"0","","BELLEVUE","246",39,39
"74",25,11,"UP","1125HL031",NA,NA,"","",25,11,"UP","1125HL031","","",25,11,29,9,8,"PM",1,8,3,0,"0","","PERRY","53.75",20,28
"75",25,11,"ATK","190039",NA,NA,"","",25,11,"ATK","190039","","",25,11,17,8,0,"PM",9,0,0,0,"0","","WASHINGTON","0000.0",11,44
"76",25,11,"UP","1125PR003",NA,NA,"","",25,11,"UP","1125PR003","","",25,11,10,12,5,"AM",12,0,0,0,"0","","MELROSE PARK","13.3",17,27
"77",25,11,"ATK","189971",NA,NA,"","",25,11,"ATK","189971","","",25,11,18,6,40,"AM",13,0,0,0,"0","","WASHINGTON","0",11,0
"78",25,11,"CSS","CSS0076F",NA,NA,"","",25,11,"XCCF","INDUSTRY","","",25,11,12,4,37,"PM",1,0,0,0,"0","","BURNS HARBOR","0",18,50
"79",25,11,"NS","161750",NA,NA,"","",25,11,"NS","161750","","",25,11,21,12,38,"AM",12,0,0,0,"0","","ELKHART","CD422.",18,46
"80",25,11,"NS","161750",NA,NA,"","",25,11,"NS","161750","","",25,11,21,12,38,"AM",12,0,0,0,"0","","ELKHART","CD422.",18,46
"81",25,11,"TASD","D20251107A",NA,NA,"","",25,11,"TASD","D20251107A","","",25,11,7,4,10,"AM",1,0,0,0,"0","","MOBILE","",1,61
"82",25,11,"NS","161750",NA,NA,"","",25,11,"NS","161750","","",25,11,21,12,38,"AM",12,0,0,0,"0","","ELKHART","CD422.",18,46
"83",25,11,"BNSF","CH1125112",NA,NA,"","",25,11,"IMRR","IMR334325O","","",25,11,30,6,15,"PM",1,0,0,0,"0","","PEKIN","12.2",17,27
"84",25,11,"UP","1125LA013",NA,NA,"","",25,11,"UP","1125LA013","","",25,11,13,10,30,"AM",1,65,10,0,"0","","LORDSBURG","1148.5",35,58
"85",25,11,"BNSF","RD1125101",NA,NA,"","",25,11,"BNSF","RD1125101","","",25,11,3,8,8,"AM",1,26,4,0,"0","","STREETMAN","220.0",48,58
"86",25,11,"CSX","000228231",NA,NA,"","",25,11,"CSX","000228231","","",25,11,19,1,35,"PM",1,0,0,0,"0","","CUMBERLAND","0178.0",24,48
"87",25,11,"CSX","000228071",NA,NA,"","",25,11,"CSX","000228071","","",25,11,7,11,35,"AM",12,0,0,0,"0","","CINCINNATI","4",39,50
"88",25,11,"ATK","189858",NA,NA,"","",25,11,"ATK","189858","","",25,11,10,8,16,"PM",1,0,0,0,"0","","WASHINGTON","0",11,0
"89",25,11,"BRC","14967",NA,NA,"","",25,11,"BRC","14967","","",25,11,7,1,6,"AM",4,7,0,0,"0","","BEDFORD PARK","9",17,48
"90",25,11,"CNRW","1733020",NA,NA,"","",25,11,"CNRW","1733020","","",25,11,29,6,35,"PM",12,0,0,0,"0","","HARVEY","21",17,29
"91",25,11,"BRC","14967",NA,NA,"","",25,11,"BRC","14967","","",25,11,7,1,6,"AM",4,9,0,0,"0","","BEDFORD PARK","9",17,48
"92",25,11,"UP","1125GP012",NA,NA,"","",25,11,"UP","1125GP012","","",25,11,16,10,7,"AM",13,0,0,0,"0","","FAIRFIELD","242.4",31,47
"93",25,11,"KYLE","KYL321225D",NA,NA,"","",25,11,"KYLE","KYL321225D","","",25,11,9,1,0,"AM",1,0,0,0,"0","","SCANDIA","104.1",20,40
"94",25,11,"UP","1125HL022",25,11,"KCT","U25112161",25,11,"UP","1125HL022","","",25,11,21,11,30,"PM",1,0,0,0,"0","","KANSAS CITY","1.94",20,44
"95",25,11,"UP","1125GP008",NA,NA,"","",25,11,"UP","1125GP008","","",25,11,16,2,37,"AM",1,0,0,0,"0","","HANOVER","165.54",20,40
"96",25,11,"BNSF","CH1125201",NA,NA,"","",25,11,"BNSF","CH1125201","","072288G",25,11,8,10,51,"AM",7,0,0,0,"0","","LITCHFIELD","56.8",17,53
"97",25,11,"CSX","000228149",NA,NA,"","",25,11,"CSX","000228149","","518493A",25,11,13,8,9,"AM",7,0,0,0,"0","","NEW LONDON","0047.3",39,40
"98",25,11,"CSX","000228073",NA,NA,"","",25,11,"CSX","000228073","","",25,11,7,7,30,"AM",1,0,0,0,"0","","SELKIRK","0015.0",36,45
"99",25,11,"LI","86718",NA,NA,"","",25,11,"LI","86718","","",25,11,12,12,30,"PM",1,0,0,0,"0","","RICHMOND HILL","8.5",36,48
"100",25,11,"BNSF","HL1125112",NA,NA,"","",25,11,"BNSF","HL1125112","","",25,11,17,3,35,"AM",1,0,0,0,"0","","NORTH KANSAS CITY","1.9",29,47
"101",25,11,"CNRW","1732888",NA,NA,"","",25,11,"CNRW","1732888","","",25,11,24,10,15,"PM",1,0,0,0,"0","","HARVEY","17.87",17,39
"102",25,11,"NS","161733",NA,NA,"","",25,11,"NS","161733","","718388B",25,11,18,4,8,"PM",7,0,0,0,"0","","CONLEY","162.45",13,68
"103",25,11,"WE","250109",NA,NA,"","",25,11,"WE","250109","","",25,11,26,11,30,"PM",1,0,0,0,"0","","CANTON","63.3",39,50
"104",25,11,"CSX","000228307",NA,NA,"","",25,11,"BEAR","BER342825O","","",25,11,23,7,0,"AM",1,0,0,0,"0","","AYER","316",25,30
"105",25,11,"BLF","20251675",NA,NA,"","",25,11,"FEC","X54111925","","272609N",25,11,19,3,57,"PM",7,0,0,0,"0","","NORTH MIAMI","356.12",12,80
"106",25,11,"UP","1125GC016",NA,NA,"","",25,11,"UP","1125GC016","","",25,11,16,10,14,"PM",12,1,1,0,"0","","BEAUMONT","281.28",48,69
"107",25,11,"UP","1125HO030",NA,NA,"","",25,11,"UP","1125HO030","","",25,11,26,8,27,"AM",1,96,6,0,"0","","HOUSTON","9.37",48,57
"108",25,11,"UP","1125HO002",NA,NA,"","",25,11,"UP","1125HO002","","743204N",25,11,7,12,55,"PM",7,0,0,0,"0","","BRYAN","77.11",48,79
"109",25,11,"UP","1125SX015",NA,NA,"","",25,11,"UP","1125SX015","","",25,11,16,12,19,"PM",1,0,0,0,"0","","SAN ANTONIO","207",48,76
"110",25,11,"UP","1125TO010",NA,NA,"","",25,11,"UP","1125TO010","","",25,11,8,9,16,"PM",1,10,0,0,"0","","FORT WORTH","248.24",48,64
"111",25,11,"BLF","20251655",NA,NA,"","",25,11,"FEC","X53111525","","272375M",25,11,15,7,32,"AM",7,0,0,0,"0","","JUPITER","282.43",12,71
"112",25,11,"CSX","000228142",NA,NA,"","",25,11,"CSX","000228142","","",25,11,12,11,12,"AM",9,0,0,0,"0","","FOSTER","627.3",21,50
"113",25,11,"NS","161683",NA,NA,"","",25,11,"NS","161683","","",25,11,11,5,45,"AM",13,9,1,0,"0","","NEW ORLEANS","NO194.",22,45
"114",25,11,"UP","1125GP002",NA,NA,"","",25,11,"UP","1125GP002","","",25,11,4,11,44,"AM",9,3,3,0,"0","","NORTH PLATTE","288",31,56
"115",25,11,"CAGY","CAG528925",NA,NA,"","",25,11,"CAGY","CAG528925","","",25,11,6,2,20,"AM",4,0,0,0,"0","","COLUMBUS","919",28,45
"116",25,11,"CAGY","CAG528925",NA,NA,"","",25,11,"CAGY","CAG528925","","",25,11,6,2,20,"AM",4,0,0,0,"0","","COLUMBUS","919",28,45
"117",25,11,"BLF","20251582",NA,NA,"","",25,11,"FEC","X51110125","","272101L",25,11,1,1,53,"PM",7,0,0,0,"0","","ROCKLEDGE","175.02",12,83
"118",25,11,"CSX","000228353",25,11,"XCEY","INDUSTRY",25,11,"CSX","000228353","","",25,11,28,7,30,"AM",1,0,0,0,"0","","GREENWOOD","0418.9",45,42
"119",25,11,"MBTA","2665",NA,NA,"","",25,11,"MBTA","2665","","",25,11,5,4,37,"PM",11,0,0,0,"0","","WORCESTER","43.3",25,54
"120",25,11,"CNRW","1733020",NA,NA,"","",25,11,"CNRW","1733020","","",25,11,29,6,35,"PM",12,13,1,0,"0","","HARVEY","21",17,29
"121",25,11,"ALS","1125AS005",NA,NA,"","",25,11,"ALS","1125AS005","","",25,11,12,7,22,"AM",12,0,0,0,"0","","EAST ST LOUIS","3.49",17,33
"122",25,11,"UP","1125GC008",NA,NA,"","",25,11,"UP","1125GC008","","",25,11,8,10,12,"AM",9,0,0,0,"0","","LIVONIA","112.0",22,75
"123",25,11,"CNRW","1733063",25,11,"","190233",25,11,"CNRW","1733063","","",25,11,30,1,38,"PM",1,0,0,0,"0","","JUSTICE","17.5",17,27
"124",25,11,"CNRW","1732669",NA,NA,"","",25,11,"CNRW","1732669","","",25,11,19,10,15,"PM",12,0,0,0,"0","","PROCTOR","0.67",27,40
"125",25,11,"CSX","000228053",NA,NA,"","",25,11,"CSX","000228053","","",25,11,6,3,15,"AM",1,0,0,0,"0","","NATURAL BRIDGE STAT","178.6",51,38
"126",25,11,"FEC","X55112925",25,11,"BLF","20251725",25,11,"FEC","X55112925","","272592M",25,11,29,7,50,"PM",13,0,0,0,"0","","HALLANDALE","350.56",12,79
"127",25,11,"CNRW","1732669",NA,NA,"","",25,11,"CNRW","1732669","","",25,11,19,10,15,"PM",12,0,0,0,"0","","PROCTOR","0.67",27,40
"128",25,11,"FEC","X54111925",25,11,"BLF","20251675",25,11,"FEC","X54111925","","272609N",25,11,19,3,57,"PM",7,0,0,0,"0","","NORTH MIAMI","356.12",12,80
"129",25,11,"UP","1125RM012",NA,NA,"","",25,11,"UP","1125RM012","","",25,11,21,2,55,"AM",9,0,0,0,"0","","OGDEN","992.0",49,40
"130",25,11,"NS","161772",NA,NA,"","",25,11,"NS","161772","","719070F",25,11,22,7,0,"AM",7,17,0,0,"0","","DALTON","037.28",13,60
"131",25,11,"UP","1125GC016",NA,NA,"","",25,11,"UP","1125GC016","","",25,11,16,10,14,"PM",12,1,1,0,"0","","BEAUMONT","281.28",48,69
"132",25,11,"UP","1125PR003",NA,NA,"","",25,11,"UP","1125PR003","","",25,11,10,12,5,"AM",12,0,0,0,"0","","MELROSE PARK","13.3",17,27
"133",25,11,"CUOH","CUO329525D",NA,NA,"","",25,11,"CUOH","CUO329525D","","",25,11,21,10,0,"PM",1,0,0,0,"0","","NEWARK","157.6",39,45
"134",25,10,"BNSF","KS1025108",NA,NA,"","",25,10,"BNSF","KS1025108","","",25,10,11,1,30,"PM",1,0,0,0,"0","","AMARILLO","554.5",48,84
"135",25,10,"ATK","189365",NA,NA,"","",NA,NA,"CSX","","","632423V",25,10,14,1,20,"PM",7,0,0,0,"0","","GREEN POND","0425.0",45,71
"136",25,10,"BNSF","CH1025105",NA,NA,"","",25,10,"BNSF","CH1025105","","",25,10,18,1,33,"AM",1,0,0,0,"0","","GALESBURG","164.6",17,60
"137",25,10,"BNSF","MT1025102",NA,NA,"","",25,10,"BNSF","MT1025102","","",25,10,10,3,40,"AM",1,0,0,0,"0","","LAUREL","12.4",30,38
"138",25,10,"NS","161531",NA,NA,"","",25,10,"NS","161531","","",25,10,24,12,10,"AM",13,0,0,0,"0","","NEW ORLEANS","NO194.",22,75
"139",25,10,"BNSF","MT1025102",NA,NA,"","",25,10,"BNSF","MT1025102","","",25,10,10,3,40,"AM",1,24,1,0,"0","","LAUREL","12.4",30,38
"140",25,10,"UP","1025HL007",NA,NA,"","",25,10,"BNSF","PR1025201","","070197U",25,10,2,9,21,"AM",7,0,0,0,"0","","SYRACUSE","26.2",31,64
"141",25,10,"WE","250097",NA,NA,"","",25,10,"CNRW","1731566","","",25,10,20,5,0,"AM",1,3,0,0,"0","","TOLEDO","1.12",39,57
"142",25,10,"CRSH","147072",NA,NA,"","",25,10,"CRSH","147072","","",25,10,17,5,35,"AM",1,0,0,0,"0","","NEWARK","1",34,56
"143",25,10,"UP","1025NC002",NA,NA,"","",25,10,"UP","1025NC002","","",25,10,1,8,0,"PM",1,0,0,0,"0","","SPARKS","244.49",32,66
"144",25,10,"UP","1025NC031",NA,NA,"","",25,10,"UP","1025NC031","","",25,10,28,1,30,"AM",1,5,0,0,"0","","SPARKS","243.04",32,42
"145",25,10,"BNSF","MT1025101",NA,NA,"","",25,10,"BNSF","MT1025101","","",25,10,2,12,55,"PM",12,0,0,0,"0","","DEER LODGE","40.5",30,60
"146",25,10,"FOXY","251013002",NA,NA,"","",25,10,"FOXY","251013002","","",25,10,13,4,23,"PM",1,0,0,0,"0","","WAUSAU","90.1",55,66
"147",25,10,"NS","161540",NA,NA,"","",25,10,"NS","161540","","",25,10,25,4,43,"AM",12,0,0,0,"0","","BELLEVUE","B244.0",39,33
"148",25,10,"NJTR","202510588",NA,NA,"","",25,10,"NJTR","202510588","","",25,10,1,2,34,"PM",13,0,0,0,"0","","Murray Hill","23.8",34,68
"149",25,10,"CNRW","1730979",NA,NA,"","",25,10,"CNRW","1730979","","",25,10,5,7,27,"PM",12,0,0,0,"0","","JOLIET","0",17,74
"150",25,10,"MBTA","2650",NA,NA,"","",25,10,"MBTA","2650","","",25,10,31,5,10,"AM",9,0,0,0,"0","","WELLESLEY","15.2",25,57
"151",25,10,"NS","161540",NA,NA,"","",25,10,"NS","161540","","",25,10,25,4,43,"AM",12,0,0,0,"0","","BELLEVUE","B244.0",39,33
"152",25,10,"CNRW","1731566",25,10,"WE","XXX",25,10,"CNRW","1731566","","",25,10,20,5,0,"AM",1,0,0,0,"0","","LANG","1.12",39,57
"153",25,10,"CNRW","1730979",NA,NA,"","",25,10,"CNRW","1730979","","",25,10,5,7,27,"PM",12,0,0,0,"0","","JOLIET","0",17,74
"154",25,10,"UP","1025GP015",NA,NA,"","",25,10,"UP","1025GP015","","",25,10,19,1,25,"AM",4,1,1,0,"0","","NORTH PLATTE","286.7",31,29
"155",25,10,"BNSF","TC1025107",NA,NA,"","",25,10,"BNSF","TC1025107","","",25,10,14,4,50,"AM",1,0,0,0,"0","","KAYLOR","609.8",46,50
"156",25,10,"ATK","189101",NA,NA,"","",25,10,"CSX","000227460","","621029M",25,10,1,4,37,"PM",7,0,0,0,"0","","SEVILLE","0727.5",12,80
"157",25,10,"UP","1025GP002",NA,NA,"","",25,10,"UP","1025GP002","","815799X",25,10,2,5,45,"AM",7,0,0,0,"0","","ALDA","154.5",31,60
"158",25,10,"CSX","000227857",NA,NA,"","",25,10,"CSX","000227857","","",25,10,25,3,10,"PM",1,0,0,0,"0","","PROVIDENCE FORGE","0065.0",51,60
"159",25,10,"BNSF","TC1025101",NA,NA,"","",25,10,"ZCHZ","INDUSTRY","","",25,10,2,9,30,"AM",1,0,0,0,"0","","MITCHELL","651.7",46,75
"160",25,10,"FEC","X49101625",25,10,"BLF","20251507",25,10,"FEC","X49101625","","272467A",25,10,16,1,13,"PM",7,0,0,0,"0","","LAKE WORTH","307.07",12,84
"161",25,10,"BLF","20251507",NA,NA,"","",25,10,"FEC","X49101625","","272467A",25,10,16,1,13,"PM",7,0,0,0,"0","","LAKE WORTH","307.07",12,84
"162",25,10,"BNSF","MT1025101",NA,NA,"","",25,10,"BNSF","MT1025101","","",25,10,2,12,55,"PM",12,0,0,0,"0","","DEER LODGE","40.5",30,60
"163",25,10,"NOPB","NOPB0115F",NA,NA,"","",25,10,"NOPB","NOPB0115F","","",25,10,24,8,50,"PM",5,0,0,0,"0","","NEW ORLEANS","13.5",22,80
"164",25,10,"BNSF","RD1025108",NA,NA,"","",25,10,"BNSF","RD1025108","","",25,10,12,12,22,"AM",1,0,0,0,"0","","TULSA","425.9",40,71
"165",25,10,"CPDR","CPD526625",NA,NA,"","",25,10,"CPDR","CPD526625","","",25,10,27,12,0,"PM",4,0,0,0,"0","","GRAY COURT","568.2",45,56
"166",25,10,"BNSF","CH1025110",NA,NA,"","",25,10,"NS","161503","","",25,10,19,8,35,"PM",1,1,0,0,"0","","CHICAGO","1.5",17,56
"167",25,10,"BNSF","CH1025105",NA,NA,"","",25,10,"BNSF","CH1025105","","",25,10,18,1,33,"AM",1,0,0,0,"0","","GALESBURG","164.6",17,60
"168",25,10,"NOPB","NOPB0115F",NA,NA,"","",25,10,"NOPB","NOPB0115F","","",25,10,24,8,50,"PM",5,0,0,0,"0","","NEW ORLEANS","13.5",22,80
"169",25,10,"CPDR","CPD526625",NA,NA,"","",25,10,"CPDR","CPD526625","","",25,10,27,12,0,"PM",4,1,0,0,"0","","GRAY COURT","568.2",45,56
"170",25,10,"UP","1025LA025",NA,NA,"","",25,10,"UP","1025LA025","","",25,10,21,9,51,"AM",1,0,0,0,"0","","BENSON","1033.0",4,44
"171",25,10,"TSWS","777100825",NA,NA,"","",25,10,"TSWS","777100825","","",25,10,8,7,45,"PM",12,0,0,0,"0","","SALT LAKE CITY","",49,65
"172",25,10,"DAIR","032025",NA,NA,"","",25,10,"DAIR","032025","","381585C",25,10,27,9,28,"AM",7,0,0,0,"0","","HUDSON","34.8",46,51
"173",25,10,"CSX","000227749",NA,NA,"","",25,10,"CSX","000227749","","",25,10,18,6,5,"AM",4,0,0,0,"0","","SELKIRK","0015.0",36,52
"174",25,10,"CSX","000227778",NA,NA,"","",25,10,"CSX","000227778","","",25,10,20,11,30,"PM",12,1,1,0,"0","","INDIANAPOLIS","0009.0",18,57
"175",25,10,"UP","1025LA007",NA,NA,"","",25,10,"UP","1025LA007","","",25,10,3,1,25,"PM",12,0,0,0,"0","","BLOOMINGTON","535.3",6,70
"176",25,10,"CSX","000227778",NA,NA,"","",25,10,"CSX","000227778","","",25,10,20,11,30,"PM",12,1,1,0,"0","","INDIANAPOLIS","0009.0",18,57
"177",25,10,"BNSF","RD1025108",NA,NA,"","",25,10,"BNSF","RD1025108","","",25,10,12,12,22,"AM",1,0,0,0,"0","","TULSA","425.9",40,71
"178",25,10,"BJRY","1003202501",NA,NA,"","",25,10,"BJRY","1003202501","","",25,10,3,6,45,"AM",13,0,0,0,"0","","BURLINGTON","",19,50
"179",25,10,"GLC","251009005",NA,NA,"","",25,10,"GLC","251009005","","000438P",25,10,9,3,37,"PM",7,0,0,0,"0","","NORTH STAR","133.7",26,58
"180",25,10,"BNSF","KS1025102",NA,NA,"","",25,10,"BNSF","KS1025102","","",25,10,6,4,45,"AM",13,0,0,0,"0","","KANSAS CITY","5.6",20,70
"181",25,10,"BNSF","KS1025102",NA,NA,"","",25,10,"BNSF","KS1025102","","",25,10,6,4,45,"AM",13,0,0,0,"0","","KANSAS CITY","5.6",20,70
"182",25,10,"TSU","10282025",NA,NA,"","",25,10,"TSU","10282025","","",25,10,28,3,0,"PM",1,0,0,0,"0","","JENKS","140",40,75
"183",25,10,"BNSF","RD1025109",NA,NA,"","",25,10,"BNSF","RD1025109","","",25,10,12,12,42,"PM",1,0,0,0,"0","","TULSA","426.4",40,85
"184",25,10,"BNSF","RD1025201",NA,NA,"","",25,10,"BNSF","RD1025201","","673926B",25,10,23,7,12,"AM",7,0,0,0,"0","","HOPETON","595.1",40,46
"185",25,10,"UP","1025LA007",NA,NA,"","",25,10,"UP","1025LA007","","",25,10,3,1,25,"PM",12,0,0,0,"0","","BLOOMINGTON","535.3",6,70
"186",25,10,"CSX","000227648",NA,NA,"","",25,10,"CSX","000227648","","",25,10,13,12,30,"AM",1,0,0,0,"0","","PHILADELPHIA","0.1",42,60
"187",25,10,"NS","161558",NA,NA,"","",25,10,"NS","161558","","",25,10,27,9,14,"AM",1,11,0,0,"0","","LOUISVILLE","271",21,51
"188",25,10,"ATK","189381",NA,NA,"","",25,10,"ATK","189381","","",25,10,9,2,45,"PM",9,0,0,0,"0","","PHILADELPHIA","0078.2",42,62
"189",25,10,"NJTR","202510624",NA,NA,"","",25,10,"NJTR","202510624","","",25,10,21,11,26,"PM",1,0,0,0,"0","","Falls Township","58.3",42,60
"190",25,10,"ALS","1025AS012",NA,NA,"","",25,10,"ALS","1025AS012","","",25,10,25,10,0,"PM",12,0,0,0,"0","","EAST ST LOUIS","3.54",17,53
"191",25,10,"NS","161531",NA,NA,"","",25,10,"NS","161531","","",25,10,24,12,10,"AM",13,7,1,0,"0","","NEW ORLEANS","NO194.",22,75
"192",25,10,"ALS","1025AS010",25,10,"UP","1025MA027",25,10,"ALS","1025AS010","","",25,10,21,3,40,"AM",1,0,0,0,"0","","EAST ST LOUIS","3.92",17,58
"193",25,10,"BNSF","PR1025107",NA,NA,"","",25,10,"BNSF","PR1025107","","",25,10,23,6,30,"PM",1,1,0,0,"0","","CHEYENNE","119.3",56,60
"194",25,10,"BNSF","MT1025202",NA,NA,"","",25,10,"BNSF","MT1025202","","071710G",25,10,9,2,13,"PM",7,0,0,0,"0","","KENMARE","27.1",38,71
"195",25,10,"CSX","000227610",NA,NA,"","",25,10,"CSX","000227610","","",25,10,11,2,12,"AM",1,0,0,0,"0","","SELKIRK","0011.0",36,39
"196",25,10,"CSX","000227749",NA,NA,"","",25,10,"CSX","000227749","","",25,10,18,6,5,"AM",4,0,0,0,"0","","SELKIRK","0015.0",36,52
"197",25,10,"CSX","000227737",NA,NA,"","",25,10,"CSX","000227737","","",25,10,17,5,45,"AM",4,0,0,0,"0","","SELKIRK","0015.0",36,45
"198",25,10,"CSX","000227737",NA,NA,"","",25,10,"CSX","000227737","","",25,10,17,5,45,"AM",4,2,2,0,"0","","SELKIRK","0015.0",36,45
"199",25,10,"UP","1025LA030",NA,NA,"","",25,10,"UP","1025LA030","","",25,10,23,6,30,"AM",9,0,0,0,"0","","TEHACHAPI","352.77",6,51
"200",25,10,"BNSF","KS1025112",NA,NA,"","",25,10,"BNSF","KS1025112","","",25,10,24,11,55,"PM",1,0,0,0,"0","","KANSAS CITY","5.8",20,51
"201",25,10,"CSX","000227649",NA,NA,"","",25,10,"CSX","000227649","","",25,10,12,6,55,"PM",1,0,0,0,"0","","SUMMIT POINT","0019.9",54,60
"202",25,10,"KNWA","251009003",NA,NA,"","",25,10,"XXSE","INDUSTRY","","",25,10,9,4,58,"PM",1,0,0,0,"0","","BELVA","11.5",54,63
"203",25,10,"BNSF","TC1025204",NA,NA,"","",25,10,"BNSF","TC1025204","","093045M",25,10,9,11,6,"AM",7,6,4,0,"0","","PAGE","47.2",38,67
"204",25,10,"CSX","000227869",NA,NA,"","",25,10,"CSX","000227869","","",25,10,27,10,12,"AM",12,0,0,0,"0","","CATSKILL","0103.4",36,55
"205",25,10,"BNSF","PR1025103",NA,NA,"","",25,10,"BNSF","PR1025103","","",25,10,10,12,16,"PM",1,0,0,0,"0","","TORRINGTON","55.0",56,70
"206",25,10,"ATK","189332",NA,NA,"","",NA,NA,"NIRC","","","",25,10,11,9,1,"PM",1,0,0,0,"0","","CHICAGO","2.9",17,63
"207",25,10,"MSR","251020001",NA,NA,"","",25,10,"MSR","251020001","","",25,10,20,9,0,"AM",1,0,0,0,"0","","LOUISVILLE","222",28,50
"208",25,10,"UP","1025SX004",NA,NA,"","",25,10,"UP","1025SX004","","",25,10,4,11,33,"PM",1,0,0,0,"0","","BRYAN","109.5",48,72
"209",25,10,"CNRW","1731588",NA,NA,"","",25,10,"CNRW","1731588","","291388P",25,10,22,10,6,"AM",7,0,0,0,"0","","DECATUR","1",17,48
"210",25,10,"CNRW","1731224",NA,NA,"","",25,10,"CNRW","1731224","","",25,10,9,12,20,"AM",1,80,18,2,"25","","NORA","135.1",17,42
"211",25,10,"BNSF","RD1025128",NA,NA,"","",25,10,"BNSF","RD1025128","","",25,10,29,10,50,"AM",1,0,0,0,"0","","SAGINAW","352.9",48,65
"212",25,10,"UP","1025SX001",NA,NA,"","",25,10,"UP","1025SX001","","446568V",25,10,3,10,40,"AM",7,0,0,0,"0","","TAYLOR","140.06",48,82
"213",25,10,"UP","1025HL025",NA,NA,"","",25,10,"UP","1025HL025","","",25,10,17,12,32,"AM",1,0,0,0,"0","","KNOB NOSTER","209.25",29,69
"214",25,10,"BNSF","HL1025105",NA,NA,"","",25,10,"BNSF","HL1025105","","",25,10,10,4,20,"PM",1,1,1,0,"0","","ST LOUIS","11.5",29,75
"215",25,10,"CORP","COR522525",NA,NA,"","",25,10,"CORP","COR522525","","",25,10,12,9,25,"AM",4,13,0,0,"0","","EUGENE","650",41,51
"216",25,10,"NIRC","9419003042",NA,NA,"","",25,10,"CN","1732848","","",25,10,23,8,50,"AM",12,0,0,0,"0","","MT PROSPECT","25.8",17,50
"217",25,10,"UP","1025HO002",NA,NA,"","",25,10,"UP","1025HO002","","",25,10,1,6,0,"PM",12,3,1,1,"0","","BAYTOWN","19.2",48,86
"218",25,10,"CORP","COR522525",NA,NA,"","",25,10,"CORP","COR522525","","",25,10,12,9,25,"AM",4,0,0,0,"0","","EUGENE","650",41,51
"219",25,10,"UP","1025PN009",NA,NA,"","",25,10,"UP","1025PN009","","",25,10,18,8,0,"AM",1,24,3,0,"0","","LA GRANDE","290.01",41,31
"220",25,10,"NS","161550",NA,NA,"","",25,10,"NS","161550","","",25,10,26,4,40,"PM",12,0,0,0,"0","","CONWAY","23",42,49
"221",25,10,"BNSF","RD1025101",NA,NA,"","",25,10,"BNSF","RD1025101","","",25,10,5,3,48,"AM",1,0,0,0,"0","","HOUSTON","19.6",48,75
"222",25,10,"BNSF","CH1025107",NA,NA,"","",25,10,"BNSF","CH1025107","","",25,10,21,12,17,"PM",1,0,0,0,"0","","GALESBURG","164.8",17,50
"223",25,10,"BNSF","RD1025106",NA,NA,"","",25,10,"BNSF","RD1025106","","",25,10,9,11,11,"PM",1,0,0,0,"0","","SAN ANTONIO","223.3",48,84
"224",25,10,"UP","1025HL020",NA,NA,"","",25,10,"UP","1025HL020","","",25,10,10,1,55,"PM",1,0,0,0,"0","","KANSAS CITY","4.1",20,73
"225",25,10,"UP","1025TO018",NA,NA,"","",25,10,"UP","1025TO018","","",25,10,19,3,30,"PM",12,0,0,0,"0","","FORT WORTH","249.5",48,73
"226",25,10,"UP","1025TO005",NA,NA,"","",25,10,"UP","1025TO005","","795414W",25,10,3,11,21,"PM",7,17,0,0,"0","","ROSCOE","454.86",48,76
"227",25,10,"NS","161550",NA,NA,"","",25,10,"NS","161550","","",25,10,26,4,40,"PM",12,0,0,0,"0","","CONWAY","23",42,49
"228",25,10,"UP","1025MA031",NA,NA,"","",25,10,"UP","1025MA031","","",25,10,25,2,0,"PM",9,0,0,0,"0","","PINE BLUFF","263.27",5,60
"229",25,10,"UP","1025HO002",NA,NA,"","",25,10,"UP","1025HO002","","",25,10,1,6,0,"PM",12,0,0,0,"0","","BAYTOWN","19.2",48,86
"230",25,10,"UP","1025HO004",NA,NA,"","",25,10,"UP","1025HO004","","743668T",25,10,4,6,55,"AM",7,51,0,0,"0","","HOUSTON","3.77",48,71
"231",25,10,"NS","161335",NA,NA,"","",25,10,"NS","161335","","",25,10,2,10,47,"AM",13,0,0,0,"0","","CORUNNA","CD371.",18,59
"232",25,10,"UP","1025LA030",NA,NA,"","",25,10,"UP","1025LA030","","",25,10,23,6,30,"AM",9,14,6,0,"0","","TEHACHAPI","352.77",6,51
"233",25,10,"CPKC","100249018",NA,NA,"","",25,10,"CPKC","100249018","","",25,10,23,8,10,"PM",1,0,0,0,"0","","JOPLIN","153",29,57
"234",25,10,"NS","161557",NA,NA,"","",25,10,"NS","161557","","478633M",25,10,25,3,0,"AM",7,1,0,0,"0","","VALPARAISO","B476.8",18,31
"235",25,10,"NS","161325",NA,NA,"","",25,10,"NS","161325","","478510B",25,10,1,5,2,"AM",7,2,0,0,"0","","MENTONE","B419.7",18,55
"236",25,10,"NS","161404",NA,NA,"","",25,10,"NS","161404","","",25,10,10,0,0,"AM",1,0,0,0,"0","","BESSEMER","AG163.",1,70
"237",25,10,"CSX","000227680",25,10,"ATK","189365",25,10,"CSX","000227680","","632423V",25,10,14,1,20,"PM",7,0,0,0,"0","","GREEN POND","0425.0",45,72
"238",25,10,"BNSF","PR1025107",NA,NA,"","",25,10,"BNSF","PR1025107","","",25,10,23,6,30,"PM",1,0,0,0,"0","","CHEYENNE","119.3",56,60
"239",25,10,"KYLE","KYL308225D",NA,NA,"","",25,10,"KYLE","KYL308225D","","",25,10,19,3,30,"PM",1,5,0,0,"0","","NORWAY","94",20,60
"240",25,10,"UP","1025ES032",NA,NA,"","",25,10,"UP","1025ES032","","",25,10,7,5,15,"PM",9,0,0,0,"0","","HOPE","458.08",5,78
"241",25,10,"NJTR","202510624",NA,NA,"","",25,10,"NJTR","202510624","","",25,10,21,11,26,"PM",1,0,0,0,"0","","Morrisville","58.3",42,60
"242",25,10,"BNSF","CA1025115",NA,NA,"","",25,10,"BNSF","CA1025115","","",25,10,20,10,29,"PM",1,36,0,0,"0","","LOS ANGELES","26.8",6,60
"243",25,10,"CNRW","1731288",NA,NA,"","",25,10,"CNRW","1731288","","",25,10,13,5,31,"PM",12,49,1,0,"0","","GEISMAR","390",22,80
"244",25,10,"UP","1025MA041",NA,NA,"","",25,10,"UP","1025MA041","","",25,10,29,6,35,"PM",9,1,1,0,"0","","NORTH LITTLE ROCK","341.67",5,55
"245",25,10,"BNSF","TC1025105",NA,NA,"","",25,10,"BNSF","TC1025105","","",25,10,8,4,20,"PM",1,0,0,0,"0","","DULUTH","3.2",27,70
"246",25,10,"MNA","MNA302425G",NA,NA,"","",25,10,"MNA","MNA302425G","","437652E",25,10,4,8,40,"AM",7,0,0,0,"0","","MAGNESS","272.8",5,68
"247",25,10,"BNSF","KS1025115",NA,NA,"","",25,10,"BNSF","KS1025115","","",25,10,22,11,0,"AM",13,0,0,0,"0","","AMARILLO","553.5",48,71
"248",25,10,"NS","161378",NA,NA,"","",25,10,"NS","161378","","",25,10,8,1,45,"AM",13,0,0,0,"0","","KEENSBURG","150",17,57
"249",25,10,"UP","1025TO041",NA,NA,"","",25,10,"UP","1025TO041","","796329K",25,10,31,8,44,"AM",7,4,0,0,"0","","MIDLAND","556.3",48,44
"250",25,10,"UP","1025TO018",NA,NA,"","",25,10,"UP","1025TO018","","",25,10,19,3,30,"PM",12,0,0,0,"0","","FORT WORTH","249.5",48,73
"251",25,10,"CSX","000227608",NA,NA,"","",25,10,"CSX","000227608","","",25,10,11,5,24,"AM",1,0,0,0,"0","","WAYCROSS","0587.0",13,62
"252",25,10,"CSX","000227905",NA,NA,"","",25,10,"CSX","000227905","","050377M",25,10,29,7,30,"AM",7,0,0,0,"0","","UNION CITY","0016.9",13,49
"253",25,10,"BNSF","HL1025113",NA,NA,"","",25,10,"BNSF","HL1025113","","",25,10,21,8,30,"AM",13,0,0,0,"0","","COUNCIL BLUFFS","480.4",19,47
"254",25,10,"BNSF","MT1025104",NA,NA,"","",25,10,"BNSF","MT1025104","","",25,10,13,4,50,"PM",1,3,0,0,"0","","HETTINGER","927.1",38,55
"255",25,10,"TPW","TPW304425D",NA,NA,"","",25,10,"TPW","TPW304425D","","",25,10,10,2,0,"PM",1,2,2,0,"0","","LOGANSPORT","71.6",18,67
"256",25,10,"MNCW","86456",NA,NA,"","",25,10,"MNCW","86456","","",25,10,5,2,57,"PM",9,0,0,0,"0","","FAIRFIELD","51.3",9,77
"257",25,10,"MNCW","86599",NA,NA,"","",25,10,"MNCW","86599","","",25,10,27,7,55,"PM",1,0,0,0,"0","","STAMFORD","33.3",9,47
"258",25,10,"NS","161430",NA,NA,"","",25,10,"VM","INDUSTRY","","",25,10,12,1,30,"PM",13,0,0,0,"0","","CALERA","133.00",1,85
"259",25,10,"CSX","000227607",NA,NA,"","",25,10,"CSX","000227607","","",25,10,11,5,45,"AM",4,0,0,0,"0","","MONTGOMERY","0489.0",1,70
"260",25,10,"CSX","000227607",NA,NA,"","",25,10,"CSX","000227607","","",25,10,11,5,45,"AM",4,0,0,0,"0","","MONTGOMERY","0489.0",1,70
"261",25,10,"MNR","530035682",NA,NA,"","",25,10,"MNR","530035682","","",25,10,22,3,35,"PM",1,0,0,0,"0","","OAKFIELD","148.1",23,56
"262",25,10,"CSX","000227681",NA,NA,"","",25,10,"CSX","000227681","","",25,10,14,1,10,"AM",1,0,0,0,"0","","BREWTON","0598.0",1,62
"263",25,10,"CNRW","1731288",NA,NA,"","",25,10,"CNRW","1731288","","",25,10,13,5,31,"PM",12,0,0,0,"0","","GEISMAR","390",22,80
"264",25,10,"CNRW","1732848",25,10,"NIRC","9419003042",25,10,"CNRW","1732848","","689680D",25,10,23,8,50,"AM",12,0,0,0,"0","","MT PROSPECT","25.8",17,50
"265",25,10,"UP","1025GP017",NA,NA,"","",25,10,"UP","1025GP017","","",25,10,21,3,30,"AM",12,0,0,0,"0","","NORTH PLATTE","287.12",31,34
"266",25,10,"ATK","189190",NA,NA,"","",NA,NA,"BNSF","","","",25,10,1,10,55,"AM",9,0,0,0,"0","","SAINT AUGUSTINE","0177.4",17,84
"267",25,10,"MNCW","86516",NA,NA,"","",25,10,"MNCW","86516","","",25,10,13,5,48,"AM",9,0,0,0,"0","","PHILLIPSTOWN","44.7",36,53
"268",25,10,"NS","161503",25,10,"BNSF","CH1025110",25,10,"NS","161503","","",25,10,19,8,35,"PM",1,0,0,0,"0","","CHICAGO","UW001.",17,56
"269",25,10,"UP","1025HO032",NA,NA,"","",25,10,"UP","1025HO032","","",25,10,20,6,3,"PM",1,0,0,0,"0","","WALLER","37.15",48,86
"270",25,10,"UP","1025HO030",NA,NA,"","",25,10,"UP","1025HO030","","",25,10,19,12,43,"AM",1,0,0,0,"0","","HOUSTON","356",48,79
"271",25,10,"UP","1025GP017",NA,NA,"","",25,10,"UP","1025GP017","","",25,10,21,3,30,"AM",12,0,0,0,"0","","NORTH PLATTE","287.12",31,34
"272",25,10,"BNSF","CA1025107",NA,NA,"","",25,10,"BNSF","CA1025107","","",25,10,8,11,31,"AM",1,0,0,0,"0","","LUCERNE VALLEY","25.8",6,80
"273",25,10,"UP","1025GP015",NA,NA,"","",25,10,"UP","1025GP015","","",25,10,19,1,25,"AM",4,0,0,0,"0","","NORTH PLATTE","286.7",31,29
"274",25,10,"CSX","000227869",NA,NA,"","",25,10,"CSX","000227869","","",25,10,27,10,12,"AM",12,31,0,0,"0","","CATSKILL","0103.4",36,55
"275",25,10,"UP","1025NC017",NA,NA,"","",25,10,"UP","1025NC017","","",25,10,14,1,30,"AM",1,0,0,0,"0","","OAKLAND","5.7",6,53
"276",25,10,"UP","1025NC012",NA,NA,"","",25,10,"UP","1025NC012","","",25,10,9,10,52,"AM",1,0,0,0,"0","","GOLD RUN","153.5",6,52
"277",25,10,"UP","1025HO022",NA,NA,"","",25,10,"UP","1025HO022","","",25,10,15,8,51,"AM",1,0,0,0,"0","","HOUSTON","375.63",48,67
"278",25,10,"UP","1025HO005",NA,NA,"","",25,10,"UP","1025HO005","","",25,10,4,12,1,"AM",1,0,0,0,"0","","SPRING","213.0",48,72
"279",25,10,"CSX","000227629",NA,NA,"","",25,10,"CSX","000227629","","",25,10,12,10,0,"PM",1,0,0,0,"0","","ROSEDALE","0088.0",24,60
"280",25,10,"BNSF","PR1025106",NA,NA,"","",25,10,"BNSF","PR1025106","","",25,10,21,8,31,"AM",1,0,0,0,"0","","BRIDGEPORT","0.6",31,56
"281",25,10,"BNSF","SW1025102",NA,NA,"","",25,10,"BNSF","SW1025102","","",25,10,3,12,2,"PM",1,0,0,0,"0","","LOVING","13.0",35,91
"282",25,10,"BNSF","HL1025108",NA,NA,"","",25,10,"BNSF","HL1025108","","",25,10,16,7,35,"PM",1,0,0,0,"0","","OMAHA","16.0",31,65
"283",25,10,"CSX","000227460",25,10,"ATK","189101",25,10,"CSX","000227460","","621030G",25,10,1,4,37,"PM",7,0,0,0,"0","","SEVILLE","0727.5",12,81
"284",25,10,"BNSF","HL1025107",NA,NA,"","",25,10,"BNSF","HL1025107","","",25,10,15,8,26,"PM",1,0,0,0,"0","","CAPE GIRARDEAU","113.6",29,65
"285",25,10,"FWWR","25100201",NA,NA,"","",25,10,"FWWR","25100201","","",25,10,2,3,0,"AM",1,0,0,0,"0","","FORT WORTH","6.4",48,73
"286",25,10,"UP","1025GC016",NA,NA,"","",25,10,"UP","1025GC016","","",25,10,20,1,14,"PM",11,0,0,0,"0","","VINTON","249.21",22,83
"287",25,10,"CSX","000227492",NA,NA,"","",25,10,"CSX","000227492","","",25,10,5,6,33,"AM",13,2,2,0,"0","","CINCINNATI","0110.0",39,60
"288",25,10,"CSX","000227499",NA,NA,"","",25,10,"CSX","000227499","","",25,10,1,7,30,"PM",12,0,0,0,"0","","CINCINNATI","0110.0",39,75
"289",25,10,"CSX","000227499",NA,NA,"","",25,10,"CSX","000227499","","",25,10,1,7,30,"PM",12,0,0,0,"0","","CINCINNATI","0110.0",39,75
"290",25,10,"ATK","189646",NA,NA,"","",NA,NA,"NS","","","472106X",25,10,18,5,57,"AM",9,0,0,0,"0","","CLEVELAND","0176.2",39,56
"291",25,10,"UP","1025GP001",NA,NA,"","",25,10,"UP","1025GP001","","",25,10,1,1,12,"AM",12,0,0,0,"0","","NORTH PLATTE","288.25",31,71
"292",25,10,"UP","1025GP001",NA,NA,"","",25,10,"UP","1025GP001","","",25,10,1,1,12,"AM",12,0,0,0,"0","","NORTH PLATTE","288.25",31,71
"293",25,10,"EARY","EAR315525D",NA,NA,"","",25,10,"EARY","EAR315525D","","",25,10,29,7,50,"PM",1,0,0,0,"0","","SYLACAUGA","455",1,85
"294",25,10,"UP","1025LA036",NA,NA,"","",25,10,"UP","1025LA036","","",25,10,22,11,24,"PM",9,0,0,0,"0","","CALIENTE","328.4",6,64
"295",25,10,"ALS","1025AS009",NA,NA,"","",25,10,"ALS","1025AS009","","",25,10,21,3,7,"AM",1,5,0,0,"0","","EAST ST LOUIS","2.55",17,59
"296",25,10,"ALS","1025AS002",NA,NA,"","",25,10,"ALS","1025AS002","","",25,10,5,1,59,"PM",12,1,1,0,"0","","EAST ST LOUIS","2.95",17,82
"297",25,10,"ALS","1025AS002",NA,NA,"","",25,10,"ALS","1025AS002","","",25,10,5,1,59,"PM",12,0,0,0,"0","","EAST ST LOUIS","2.95",17,82
"298",25,10,"ALS","1025AS014",NA,NA,"","",25,10,"ALS","1025AS014","","",25,10,31,7,50,"AM",1,4,0,0,"0","","GRANITE CITY","15.69",17,40
"299",25,10,"ALS","1025AS014",NA,NA,"","",25,10,"ALS","1025AS014","","",25,10,31,7,50,"AM",1,0,0,0,"0","","GRANITE CITY","15.69",17,40
"300",25,10,"ALS","1025AS012",NA,NA,"","",25,10,"ALS","1025AS012","","",25,10,25,10,0,"PM",12,0,0,0,"0","","EAST ST LOUIS","3.54",17,53
"301",25,10,"UP","1025MA027",25,10,"ALS","1025AS010",25,10,"ALS","1025AS010","","",25,10,21,3,40,"AM",1,44,5,0,"0","","EAST ST LOUIS","3.92",17,58
"302",25,10,"CIC","CIC0012F",NA,NA,"","",25,10,"CIC","CIC202502D","","",25,10,13,9,30,"AM",1,0,0,0,"0","","","0.0",19,67
"303",25,10,"UP","1025PR004",NA,NA,"","",25,10,"UP","1025PR004","","",25,10,3,3,28,"PM",1,0,0,0,"0","","MELROSE PARK","13.5",17,90
"304",25,10,"CSX","000227611",NA,NA,"","",25,10,"CSX","000227611","","279476X",25,10,10,12,44,"PM",7,0,0,0,"0","","GROVETOWN","0014.6",13,70
"305",25,10,"CSX","000227862",NA,NA,"","",25,10,"CSX","000227862","","050468T",25,10,27,9,25,"AM",7,0,0,0,"0","","HOGANSVILLE","0057.2",13,50
"306",25,9,"CFE","CFE288325D",NA,NA,"","",25,9,"CFE","CFE288325D","","",25,9,6,10,15,"PM",1,0,0,0,"0","","VALPARAISO","423.7",18,58
"307",25,9,"UP","0925GP013",NA,NA,"","",25,9,"UP","0925GP013","","",25,9,14,7,50,"PM",1,0,0,0,"0","","DENVER","2.25",8,73
"308",25,9,"BNSF","SW0925103",NA,NA,"","",25,9,"XYAT","INDUSTRY","","",25,9,11,4,6,"AM",1,0,0,0,"0","","SUN CITY","171.7",4,80
"309",25,9,"UP","0925LA002",NA,NA,"","",25,9,"UP","0925LA002","","",25,9,2,4,2,"PM",13,0,0,0,"0","","GILA BEND","825.26",4,101
"310",25,9,"ATK","188622",NA,NA,"","",NA,NA,"BNSF","","","",25,9,2,7,18,"AM",9,0,0,0,"0","","CHAMBERS","0215.0",4,67
"311",25,9,"UP","0925LA014",NA,NA,"","",25,9,"UP","0925LA014","","",25,9,10,3,45,"PM",13,0,0,0,"0","","POMONA","512.14",6,80
"312",25,9,"BNSF","TC0925111",NA,NA,"","",25,9,"BNSF","TC0925111","","",25,9,24,10,50,"PM",1,0,0,0,"0","","DILWORTH","3.1",27,62
"313",25,9,"BNSF","CA0925112",NA,NA,"","",25,9,"PHCZ","INDUSTRY","","",25,9,15,5,15,"AM",1,0,0,0,"0","","RICHMOND","1191.5",6,51
"314",25,9,"BNSF","CH0925107",NA,NA,"","",25,9,"BNSF","CH0925107","","",25,9,19,1,52,"AM",1,0,0,0,"0","","GALESBURG","164.5",17,69
"315",25,9,"BNSF","CH0925107",NA,NA,"","",25,9,"BNSF","CH0925107","","",25,9,19,1,52,"AM",1,0,0,0,"0","","GALESBURG","164.5",17,69
"316",25,9,"BNSF","PR0925103",NA,NA,"","",25,9,"BNSF","PR0925103","","",25,9,13,10,53,"AM",13,0,0,0,"0","","DENVER","540.3",8,75
"317",25,9,"NS","161213",NA,NA,"","",25,9,"NS","161213","","",25,9,18,11,20,"PM",9,0,0,0,"0","","MARK","KS184.",17,80
"318",25,9,"BNSF","PR0925103",NA,NA,"","",25,9,"BNSF","PR0925103","","",25,9,13,10,53,"AM",13,35,0,0,"0","","DENVER","540.3",8,75
"319",25,9,"NS","161213",NA,NA,"","",25,9,"NS","161213","","",25,9,18,11,20,"PM",9,0,0,0,"0","","MARK","KS184.",17,80
"320",25,9,"NS","161246",NA,NA,"","",25,9,"NS","161246","","",25,9,22,6,25,"PM",1,54,0,0,"0","","MUSCLE SHOALS","401.00",1,80
"321",25,9,"CSX","000226896",NA,NA,"","",25,9,"CSX","000226896","","",25,9,3,5,55,"AM",12,0,0,0,"0","","NASHVILLE","0190.0",47,68
"322",25,9,"MNCW","86315",NA,NA,"","",25,9,"MNCW","86315","","",25,9,20,6,30,"AM",11,0,0,0,"0","","STAMFORD","35.1",9,56
"323",25,9,"ABS","250904007",NA,NA,"","",25,9,"ABS","250904007","","",25,9,4,6,30,"PM",1,3,0,0,"0","","BROOKWOOD","433",1,85
"324",25,9,"NS","161298",NA,NA,"","",25,9,"NS","161298","","",25,9,28,3,30,"AM",1,7,4,0,"0","","CORDOVA","829.7",1,65
"325",25,9,"UP","0925LA017",25,9,"BNSF","CA0925109",25,9,"UP","0925LA017","","",25,9,11,11,45,"PM",1,0,0,0,"0","","CALIENTE","339.11",6,65
"326",25,9,"BNSF","CA0925108",25,9,"ATK","188691",25,9,"BNSF","CA0925108","","",25,9,11,11,33,"AM",9,0,0,0,"0","","STOCKTON","1118.1",6,79
"327",25,9,"BNSF","CA0925109",NA,NA,"","",25,9,"UP","0925LA017","","",25,9,11,11,45,"PM",1,18,0,0,"0","","CALIENTE","335.4",6,80
"328",25,9,"UP","0925NC001",NA,NA,"","",25,9,"UP","0925NC001","","",25,9,1,5,10,"AM",1,0,0,0,"0","","DUNSMUIR","321.71",6,63
"329",25,9,"CSX","000226896",NA,NA,"","",25,9,"CSX","000226896","","",25,9,3,5,55,"AM",12,5,0,0,"0","","NASHVILLE","0190.0",47,68
"330",25,9,"ATK","188989",NA,NA,"","",25,9,"ATK","188989","","",25,9,24,11,30,"AM",9,0,0,0,"0","","PERRYVILLE","58.5",24,0
"331",25,9,"CSX","000227357",NA,NA,"","",25,9,"CSX","000227357","","",25,9,24,1,20,"PM",1,0,0,0,"0","","NASHVILLE","0190.0",47,82
"332",25,9,"BNSF","HL0925114",25,9,"ATK","188961",25,9,"BNSF","HL0925114","","",25,9,23,5,48,"AM",9,0,0,0,"0","","BELLEVUE","10.0",31,65
"333",25,9,"UP","0925GL003",NA,NA,"","",25,9,"UP","0925GL003","","",25,9,3,6,11,"PM",9,0,0,0,"0","","COUNCIL BLUFFS","0.09",19,61
"334",25,9,"UP","0925GP006",NA,NA,"","",25,9,"UP","0925GP006","","",25,9,3,8,32,"PM",1,0,0,0,"0","","NORTH PLATTE","286.76",31,61
"335",25,9,"UP","0925GP021",NA,NA,"","",25,9,"UP","0925GP021","","",25,9,20,7,23,"PM",12,0,0,0,"0","","NORTH PLATTE","288.45",31,69
"336",25,9,"UP","0925GP021",NA,NA,"","",25,9,"UP","0925GP021","","",25,9,20,7,23,"PM",12,0,0,0,"0","","NORTH PLATTE","288.45",31,69
"337",25,9,"UP","0925GP026",NA,NA,"","",25,9,"UP","0925GP026","","",25,9,27,3,0,"AM",1,0,0,0,"0","","LEWELLEN","52.13",31,62
"338",25,9,"ATK","188961",NA,NA,"","",NA,NA,"BNSF","","","",25,9,23,5,48,"AM",9,0,0,0,"0","","BELLEVUE","0010.0",31,64
"339",25,9,"BNSF","CA0925111",NA,NA,"","",25,9,"BNSF","CA0925111","","",25,9,13,2,35,"AM",1,3,3,1,"0","","BARSTOW","1.0",6,72
"340",25,9,"CSX","000227169",NA,NA,"","",25,9,"CSX","000227169","","",25,9,16,6,38,"AM",12,0,0,0,"0","","CUMBERLAND","0175.0",24,67
"341",25,9,"FEC","D54091725",25,9,"BLF","20251387",25,9,"FEC","D54091725","","272566X",25,9,17,6,34,"AM",9,0,0,0,"0","","FORT LAUDERDALE","342.96",12,81
"342",25,9,"ARC","091925",NA,NA,"","",25,9,"ARC","091925","","",25,9,19,2,30,"PM",12,0,0,0,"0","","STATESVILLE","460",37,90
"343",25,9,"BNSF","RD0925106",NA,NA,"","",25,9,"BNSF","RD0925106","","",25,9,11,10,3,"AM",1,0,0,0,"0","","SILSBEE","150.6",48,85
"344",25,9,"IAIS","20250931",NA,NA,"","",25,9,"IAIS","20250931","","",25,9,30,6,30,"PM",12,0,0,0,"0","","HANCOCK","459.1",19,75
"345",25,9,"BRC","14954",NA,NA,"","",25,9,"BRC","14954","","",25,9,22,4,6,"AM",1,6,0,0,"0","","BEDFORD PARK","5.3",17,65
"346",25,9,"CPKC","1002450955",NA,NA,"","",25,9,"CPKC","1002450955","","",25,9,3,1,1,"AM",1,0,0,0,"0","","DAVENPORT","194",19,61
"347",25,9,"CPKC","1002450955",NA,NA,"","",25,9,"CPKC","1002450955","","",25,9,3,1,1,"AM",1,0,0,0,"0","","DAVENPORT","194",19,61
"348",25,9,"NS","161294",NA,NA,"","",25,9,"NS","161294","","",25,9,27,5,10,"PM",12,0,0,0,"0","","ELKHART","422",18,66
"349",25,9,"NS","161294",NA,NA,"","",25,9,"NS","161294","","",25,9,27,5,10,"PM",12,0,0,0,"0","","ELKHART","422",18,66
"350",25,9,"NJTR","202509536",NA,NA,"","",25,9,"NJTR","202509536","","",25,9,14,12,54,"PM",1,0,0,0,"0","","Bay Head","38.3",34,75
"351",25,9,"BNSF","RD0925113",NA,NA,"","",25,9,"BNSF","RD0925113","","",25,9,22,5,40,"PM",1,0,0,0,"0","","LAFAYETTE","147.8",22,87
"352",25,9,"BNSF","RD0925105",NA,NA,"","",25,9,"BNSF","RD0925105","","",25,9,10,4,59,"PM",1,16,1,0,"0","","MCGREGOR","243.3",48,87
"353",25,9,"WATX","250908006",NA,NA,"","",25,9,"WATX","250908006","","",25,9,8,10,15,"AM",1,29,6,0,"0","","HOUSTON","1",48,95
"354",25,9,"CSX","000226876",NA,NA,"","",25,9,"CSX","000226876","","522788Y",25,9,2,8,8,"AM",7,0,0,0,"0","","GARY","0255.0",18,75
"355",25,9,"CSX","000227319",NA,NA,"","",25,9,"CSX","000227319","","514570J",25,9,24,7,35,"PM",7,0,0,0,"0","","FAIRPORT","0361.2",36,80
"356",25,9,"UP","0925RM019",NA,NA,"","",25,9,"UP","0925RM019","","",25,9,21,1,30,"AM",10,0,0,0,"0","","CHEYENNE","533.0",56,52
"357",25,9,"FWWR","25091201",NA,NA,"","",25,9,"FWWR","25091201","","",25,9,12,3,40,"AM",1,0,0,0,"0","","CARROLLTON","604.3",48,79
"358",25,9,"NICD","N2500044",NA,NA,"","",25,9,"NICD","N2500044","","",25,9,23,1,0,"AM",12,0,0,0,"0","","MICHIGAN CITY","32.2",18,50
"359",25,9,"CNRW","1729670",NA,NA,"","",25,9,"CNRW","1729670","","300733X",25,9,8,9,4,"AM",7,0,0,0,"0","","SIDON","130.91",28,84
"360",25,9,"CSX","000227113",NA,NA,"","",25,9,"GCC","INDUSTRY","","",25,9,13,2,10,"PM",12,0,0,0,"0","","SYRACUSE","0293.0",36,70
"361",25,9,"BNSF","TC0925107",25,9,"CP","1002462546",25,9,"BNSF","TC0925107","","",25,9,19,4,2,"PM",1,0,0,0,"0","","MINNEAPOLIS","11.8",27,70
"362",25,9,"CSX","000226961",NA,NA,"","",25,9,"CSX","000226961","","244249T",25,9,4,2,26,"PM",7,0,0,0,"0","","FOREST CITY","0242.4",37,76
"363",25,9,"NS","161171",NA,NA,"","",25,9,"NS","161171","","",25,9,13,2,50,"AM",1,0,0,0,"0","","READING","59",42,70
"364",25,9,"ALS","0925AS006",NA,NA,"","",25,9,"ALS","0925AS006","","",25,9,12,5,5,"PM",12,6,1,0,"0","","EAST ST LOUIS","3.8",17,93
"365",25,9,"BNSF","RD0925118",NA,NA,"","",25,9,"BNSF","RD0925118","","",25,9,23,7,50,"PM",1,0,0,0,"0","","MOORE","391.4",40,82
"366",25,9,"SEPA","SEPA092525",NA,NA,"","",25,9,"SEPA","SEPA092525","","",25,9,25,7,5,"AM",11,0,0,0,"0","","PHILADELPHIA","10.3",42,74
"367",25,9,"CNRW","1730813",NA,NA,"","",25,9,"CNRW","1730813","","289649M",25,9,30,8,30,"PM",7,0,0,0,"0","","HARVEY","0.02",17,70
"368",25,9,"NS","161099",NA,NA,"","",25,9,"NS","161099","","",25,9,4,2,45,"AM",1,0,0,0,"0","","CONWAY","PC022.",42,62
"369",25,9,"BNSF","HL0925110",NA,NA,"","",25,9,"XSKO","INDUSTRY","","",25,9,29,12,35,"AM",1,0,0,0,"0","","SIKESTON","166.9",29,65
"370",25,9,"RRVW","2509121REI",NA,NA,"","",25,9,"RRVW","2509121REI","","",25,9,12,3,32,"PM",1,0,0,0,"0","","BRECKENRIDGE","214.5",27,80
"371",25,9,"BNSF","TC0925111",NA,NA,"","",25,9,"BNSF","TC0925111","","",25,9,24,10,50,"PM",1,0,0,0,"0","","DILWORTH","3.1",27,62
"372",25,9,"NS","161300",NA,NA,"","",25,9,"NS","161300","","",25,9,28,11,0,"AM",1,0,0,0,"0","","DAUPHIN","PT113.",42,75
"373",25,9,"SERA","SERA202506",NA,NA,"","",25,9,"SERA","SERA202506","","",25,9,3,1,25,"PM",1,0,0,0,"0","","CHINESE CAMP","20.3",6,85
"374",25,9,"NS","161186",NA,NA,"","",25,9,"NS","161186","","",25,9,15,4,50,"PM",12,0,0,0,"0","","ALLENTOWN","LB087.",42,80
"375",25,9,"NS","161186",NA,NA,"","",25,9,"NS","161186","","",25,9,15,4,50,"PM",12,0,0,0,"0","","ALLENTOWN","LB087.",42,80
"376",25,9,"BRC","14945",NA,NA,"","",25,9,"BRC","14945","","",25,9,3,2,35,"PM",1,0,0,0,"0","","BEDFORD PARK","5.3",17,70
"377",25,9,"UP","0925HO010",NA,NA,"","",25,9,"UP","0925HO010","","",25,9,7,7,11,"PM",9,0,0,0,"0","","DAYTON","46.06",48,81
"378",25,9,"BNSF","PR0925111",NA,NA,"","",25,9,"BNSF","PR0925111","","",25,9,29,6,40,"PM",13,0,0,0,"0","","CHEYENNE","112",56,65
"379",25,9,"CSX","000227113",NA,NA,"","",25,9,"GCC","INDUSTRY","","",25,9,13,2,10,"PM",12,0,0,0,"0","","SYRACUSE","0293.0",36,70
"380",25,9,"ALS","0925AS006",NA,NA,"","",25,9,"ALS","0925AS006","","",25,9,12,5,5,"PM",12,0,0,0,"0","","EAST ST LOUIS","3.8",17,93
"381",25,9,"BNSF","CA0925114",NA,NA,"","",25,9,"BNSF","CA0925114","","",25,9,15,9,50,"PM",1,0,0,0,"0","","BARSTOW","1.4",6,80
"382",25,9,"CFRC","25267",NA,NA,"","",25,9,"CFRC","25267","","",25,9,24,5,21,"PM",9,0,0,0,"0","","KISSIMMEE","805.6",12,86
"383",25,9,"UP","0925TO014",NA,NA,"","",25,9,"UP","0925TO014","","595569L",25,9,13,10,42,"AM",7,24,0,0,"0","","MARLOW","464.73",40,83
"384",25,9,"BNSF","KS0925105",NA,NA,"","",25,9,"BNSF","KS0925105","","",25,9,11,7,5,"PM",1,0,0,0,"0","","KANSAS CITY","6.1",20,82
"385",25,9,"UP","0925RM024",NA,NA,"","",25,9,"EIRR","250930004","","",25,9,30,6,50,"AM",1,0,0,0,"0","","IDAHO FALLS","1.2",16,56
"386",25,9,"BLF","20251359",NA,NA,"","",25,9,"FEC","X43091225","","272908V",25,9,12,12,27,"PM",7,0,0,0,"0","","ROCKLEDGE","175.57",12,83
"387",25,9,"UP","0925RM019",NA,NA,"","",25,9,"UP","0925RM019","","",25,9,21,1,30,"AM",10,57,16,0,"0","","CHEYENNE","533.0",56,52
"388",25,9,"NS","161210",NA,NA,"","",25,9,"NS","161210","","",25,9,18,7,45,"AM",12,0,0,0,"0","","ELKHART","424.5",18,85
"389",25,9,"NJTR","202509568",NA,NA,"","",25,9,"NJTR","202509568","","",25,9,26,11,15,"PM",1,0,0,0,"0","","Summit","20.0",34,68
"390",25,9,"BNSF","HL0925102",NA,NA,"","",25,9,"BNSF","HL0925102","","",25,9,9,8,41,"AM",1,0,0,0,"0","","HANNIBAL","136.6",29,61
"391",25,9,"NS","161224",NA,NA,"","",25,9,"NS","161224","","",25,9,20,1,8,"PM",12,0,0,0,"0","","NORFOLK","LP001.",51,83
"392",25,9,"NS","161224",NA,NA,"","",25,9,"NS","161224","","",25,9,20,1,8,"PM",12,0,0,0,"0","","NORFOLK","LP001.",51,83
"393",25,9,"CSX","000227102",NA,NA,"","",25,9,"CSX","000227102","","",25,9,13,5,10,"AM",13,0,0,0,"0","","FLORENCE","0293.0",45,72
"394",25,9,"NJTR","202510569",NA,NA,"","",25,9,"NJTR","202510569","","",25,9,25,1,15,"PM",13,0,0,0,"0","","Dover","38.0",34,70
"395",25,9,"UP","0925HO009",NA,NA,"","",25,9,"UP","0925HO009","","",25,9,6,6,22,"PM",12,0,0,0,"0","","HOUSTON","357.6",48,91
"396",25,9,"UP","0925HO009",NA,NA,"","",25,9,"UP","0925HO009","","",25,9,6,6,22,"PM",12,0,0,0,"0","","HOUSTON","357.6",48,91
"397",25,9,"UP","0925MA015",NA,NA,"","",25,9,"UP","0925MA015","","290521N",25,9,13,7,44,"PM",7,0,0,0,"0","","GARDNER","64.48",17,77
"398",25,9,"TSWS","912090425",NA,NA,"","",25,9,"UP","0925PR001","","",25,9,4,10,20,"PM",1,0,0,0,"0","","JOLIET","",17,48
"399",25,9,"UP","0925PR001",25,9,"TSWS","912090425",25,9,"UP","0925PR001","","",25,9,4,10,20,"PM",1,0,0,0,"0","","JOLIET","4.0",17,48
"400",25,9,"BNSF","CH0925101",NA,NA,"","",25,9,"BNSF","CH0925101","","",25,9,4,1,17,"PM",1,0,0,0,"0","","CHICAGO","5.3",17,65
"401",25,9,"UP","0925PN026",NA,NA,"","",25,9,"UP","0925PN026","","",25,9,29,9,40,"PM",1,0,0,0,"0","","BURBANK","215.8",53,73
"402",25,9,"BNSF","NW0925202",25,9,"ATK","188783",25,9,"BNSF","NW0925202","","085685S",25,9,15,10,36,"AM",7,0,0,0,"0","","SUMNER","28.9",53,61
"403",25,9,"ATK","188783",NA,NA,"","",25,9,"BNSF","XXX","","085685S",25,9,15,10,30,"AM",7,0,0,0,"0","","SUMNER","0028.9",53,63
"404",25,9,"BNSF","NW0925113",NA,NA,"","",25,9,"BNSF","NW0925113","","",25,9,21,1,41,"AM",1,0,0,0,"0","","SEATTLE","0.6",53,51
"405",25,9,"BNSF","NW0925108",NA,NA,"","",25,9,"BNSF","NW0925108","","",25,9,9,4,49,"AM",1,2,0,0,"0","","SEATTLE","7.5",53,58
"406",25,9,"MER","MER0058F",NA,NA,"","",25,9,"MER","MER0058F","","",25,9,25,8,40,"AM",1,0,0,0,"0","","UNION","60.5",29,62
"407",25,9,"ACWR","09252025",NA,NA,"","",25,9,"ACWR","09252025","","",25,9,25,10,40,"PM",1,17,6,0,"0","","MIDLAND","368",37,72
"408",25,9,"NS","161212",NA,NA,"","",25,9,"NS","161212","","",25,9,19,8,45,"AM",12,0,0,0,"0","","SOUTHMONT","324.1",37,74
"409",25,9,"ARC","091925",NA,NA,"","",25,9,"ARC","091925","","",25,9,19,2,30,"PM",12,0,0,0,"0","","STATESVILLE","460",37,90
"410",25,9,"UP","0925GL021",NA,NA,"","",25,9,"UP","0925GL021","","",25,9,21,4,45,"PM",9,1,1,0,"0","","SOUTH ST PAUL","348.76",27,77
"411",25,9,"CSX","000226970",NA,NA,"","",25,9,"CSX","000226970","","",25,9,7,9,26,"AM",1,2,1,0,"0","","CINCINNATI","0002.0",39,60
"412",25,9,"BNSF","MT0925103",NA,NA,"","",25,9,"BNSF","MT0925103","","",25,9,6,3,43,"PM",1,3,0,0,"0","","ESSEX","1154.8",30,84
"413",25,9,"CSX","000227228",NA,NA,"","",25,9,"CSX","000227228","","155245V",25,9,18,6,58,"PM",7,0,0,0,"0","","ANNA","0103.4",39,84
"414",25,9,"NS","161212",NA,NA,"","",25,9,"NS","161212","","",25,9,19,8,45,"AM",12,0,0,0,"0","","SOUTHMONT","324.1",37,74
"415",25,9,"NS","161239",NA,NA,"","",25,9,"NS","161239","","",25,9,22,5,0,"PM",1,3,0,0,"0","","SOPHIA","009.70",37,84
"416",25,9,"CUOH","CUO297125D",NA,NA,"","",25,9,"CUOH","CUO297125D","","",25,9,23,10,30,"AM",1,0,0,0,"0","","NEWARK","103.7",39,70
"417",25,9,"WE","250084",NA,NA,"","",25,9,"WE","250084","","",25,9,5,9,30,"AM",1,1,1,0,"0","","AKRON","165",39,75
"418",25,9,"CSX","000227227",NA,NA,"","",25,9,"CSX","000227227","","",25,9,20,6,53,"AM",1,3,3,0,"0","","COLUMBUS","0001.0",39,78
"419",25,9,"BNSF","MT0925109",NA,NA,"","",25,9,"BNSF","MT0925109","","",25,9,17,6,51,"AM",1,22,0,0,"0","","LAUREL","12.4",30,51
"420",25,9,"BNSF","MT0925109",NA,NA,"","",25,9,"BNSF","MT0925109","","",25,9,17,6,51,"AM",1,0,0,0,"0","","LAUREL","12.4",30,51
"421",25,9,"NOGC","NOGC0050F",NA,NA,"","",25,9,"NOGC","NOGC0050F","","",25,9,12,6,15,"PM",9,0,0,0,"0","","HARVEY","5",22,86
"422",25,9,"LAS","250903001",NA,NA,"","",25,9,"LAS","250903001","","",25,9,3,3,30,"AM",1,2,0,0,"0","","HODGE","0.8",22,75
"423",25,9,"BNSF","CA0925122",NA,NA,"","",25,9,"BNSF","CA0925122","","",25,9,26,10,37,"PM",1,1,0,0,"0","","BAKERSFIELD","885.9",6,79
"424",25,9,"RTDC","351156",NA,NA,"","",25,9,"RTDC","351156","","",25,9,3,8,37,"AM",5,0,0,0,"0","","AURORA","8.64",8,70
"425",25,9,"ATK","188779",NA,NA,"","",25,9,"BNSF","PR0925201","","094672P",25,9,16,6,13,"AM",7,0,0,0,"0","","ROGGEN","0497.9",8,54
"426",25,9,"FEC","X43091225",25,9,"BLF","20251359",25,9,"FEC","X43091225","","272908V",25,9,12,12,27,"PM",7,0,0,0,"0","","ROCKLEDGE","175.57",12,83
"427",25,9,"BLF","20251398",NA,NA,"","",25,9,"FEC","X44091925","","273047Y",25,9,19,3,58,"PM",7,0,0,0,"0","","VERO BEACH","226.65",12,83
"428",25,9,"BLF","20251387",NA,NA,"","",25,9,"FEC","D54091725","","272566X",25,9,17,6,34,"AM",9,0,0,0,"0","","FORT LAUDERDALE","342.96",12,81
"429",25,9,"BNSF","CA0925121",NA,NA,"","",25,9,"BNSF","CA0925121","","",25,9,26,2,12,"AM",1,41,3,0,"0","","CARSON","27.5",6,68
"430",25,9,"CFRC","25261",NA,NA,"","",25,9,"CFRC","25261","","",25,9,18,6,40,"PM",9,0,0,0,"0","","ALTAMONTE SPGS","781.5",12,87
"431",25,9,"CSX","000226910",NA,NA,"","",25,9,"CSX","000226910","","",25,9,2,12,15,"AM",1,0,0,0,"0","","VALRICO","0833.0",12,75
"432",25,9,"NS","161128",NA,NA,"","",25,9,"NS","161128","","",25,9,7,9,51,"AM",12,0,0,0,"0","","ROANOKE","N260.0",51,70
"433",25,9,"FEC","X44091925",25,9,"BLF","20251398",25,9,"FEC","X44091925","","273047Y",25,9,19,3,58,"PM",7,0,0,0,"0","","VERO BEACH","226.65",12,83
"434",25,9,"NS","161128",NA,NA,"","",25,9,"NS","161128","","",25,9,7,9,51,"AM",12,0,0,0,"0","","ROANOKE","N260.0",51,70
"435",25,9,"CSX","000227187",NA,NA,"","",25,9,"CSX","000227187","","",25,9,17,5,2,"PM",13,1,1,0,"0","","CHATTANOOGA","0146.0",47,70
"436",25,9,"UP","0925SX003",25,9,"ATK","188513",25,9,"UP","0925SX003","","439679V",25,9,3,9,56,"AM",7,0,0,0,"0","","HUTTO","156.44",48,82
"437",25,9,"NS","161158",NA,NA,"","",25,9,"NS","161158","","",25,9,10,8,58,"AM",12,0,0,0,"0","","MCDONOUGH","183.5",13,84
"438",25,9,"NS","161158",NA,NA,"","",25,9,"NS","161158","","",25,9,10,8,58,"AM",12,0,0,0,"0","","MCDONOUGH","183.5",13,84
"439",25,9,"TSWS","1151090425",NA,NA,"","",25,9,"TSWS","1151090425","","",25,9,4,3,0,"AM",12,0,0,0,"0","","SANTA TERESA","",35,70
"440",25,9,"UP","0925TO044",NA,NA,"","",25,9,"UP","0925TO044","","765231W",25,9,26,8,27,"AM",7,0,0,0,"0","","MANSFIELD","34.35",48,65
"441",25,9,"NS","161133",NA,NA,"","",25,9,"NS","161133","","718453E",25,9,8,11,47,"AM",7,0,0,0,"0","","JACKSON","199.23",13,78
"442",25,9,"CSX","000227376",NA,NA,"","",25,9,"CSX","000227376","","",25,9,27,9,45,"AM",1,0,0,0,"0","","THOMASVILLE","0693.0",13,72
"443",25,9,"UP","0925TO029",NA,NA,"","",25,9,"UP","0925TO029","","416101N",25,9,23,8,33,"PM",7,0,0,0,"0","","WACO","166.34",48,88
"444",25,9,"RRVW","2509101REI",NA,NA,"","",25,9,"RRVW","2509101REI","","",25,9,10,10,15,"AM",3,0,0,0,"0","","SHELDON","41.7",38,66
"445",25,9,"CSX","000227324",NA,NA,"","",25,9,"CRSH","147067","","",25,9,24,10,10,"PM",1,0,0,0,"0","","NEWARK","0004.0",34,65
"446",25,9,"JVRR","JVRRD93025",NA,NA,"","",25,9,"JVRR","JVRRD93025","","",25,9,30,1,50,"PM",1,0,0,0,"0","","LEWISTOWN","0.1",42,80
"447",25,9,"ATK","189074",NA,NA,"","",25,9,"ATK","189074","","",25,9,29,5,0,"PM",1,0,0,0,"0","","MOUNT JOY","0078.4",42,0
"448",25,9,"ATK","188682",NA,NA,"","",25,9,"ATK","188682","","",25,9,9,7,43,"AM",13,0,0,0,"0","","BRIDGEPORT","0066.1",42,48
"449",25,9,"LRWY","LRWY2501",NA,NA,"","",25,9,"LRWY","LRWY2501","","",25,9,30,3,20,"PM",5,0,0,0,"0","","TOWANDA","253.8",42,51
"450",25,9,"CNRW","1729988",NA,NA,"","",25,9,"CNRW","1729988","","",25,9,14,12,10,"AM",1,31,0,0,"0","","FLAT ROCK","15.08",26,58
"451",25,9,"UP","0925RM018",NA,NA,"","",25,9,"UP","0925RM018","","",25,9,22,5,15,"PM",1,37,0,0,"0","","OGDEN","990.11",49,69
"452",25,9,"ATK","188513",NA,NA,"","",25,9,"UP","0925SX003","","439679V",25,9,3,9,56,"AM",7,0,0,0,"0","","HUTTO","0156.4",48,83
"453",25,9,"BNSF","KS0925102",NA,NA,"","",25,9,"BNSF","KS0925102","","",25,9,4,6,42,"AM",4,7,7,1,"0","","AMARILLO","553.6",48,60
"454",25,9,"PATH","PATH0910F",NA,NA,"","",25,9,"PATH","PATH0910F","","NOTASGN",25,9,21,7,42,"AM",9,0,0,0,"0","","JERSEY CITY","1358",34,61
"455",25,9,"IAIS","20250931",NA,NA,"","",25,9,"IAIS","20250931","","",25,9,30,6,30,"PM",12,0,0,0,"0","","HANCOCK","459.1",19,75
"456",25,9,"CRSH","147067",25,9,"CSX","000227324",25,9,"CRSH","147067","","",25,9,24,10,10,"PM",1,0,0,0,"0","","NEWARK","1",34,75
"457",25,9,"BNSF","KS0925102",NA,NA,"","",25,9,"BNSF","KS0925102","","",25,9,4,6,42,"AM",4,0,0,0,"0","","AMARILLO","553.6",48,60
"458",25,9,"NS","161282",NA,NA,"","",25,9,"NS","161282","","",25,9,26,10,40,"AM",12,0,0,0,"0","","NORFOLK","LP001.",51,80
"459",25,9,"NS","161235",NA,NA,"","",25,9,"NS","161235","","",25,9,21,4,45,"PM",1,0,0,0,"0","","NORFOLK","1.9",51,80
"460",25,9,"CSX","000228926",NA,NA,"","",25,9,"CSX","000228926","","",25,9,6,10,1,"PM",11,0,0,0,"0","","COVINGTON","305",51,74
"461",25,9,"EIRR","250916002",NA,NA,"","",25,9,"EIRR","250916002","","",25,9,16,12,1,"AM",1,3,0,0,"0","","JEROME","47.5",16,43
"462",25,9,"EIRR","250930004",25,9,"UP","0925RM024",25,9,"EIRR","250930004","","",25,9,30,6,50,"AM",1,0,0,0,"0","","IDAHO FALLS","1",16,55
"463",25,9,"MNCW","86260",NA,NA,"","",25,9,"MNCW","86260","","",25,9,14,1,4,"AM",12,0,0,0,"0","","NEW HAVEN","72.4",9,67
"464",25,9,"ATK","188691",NA,NA,"","",NA,NA,"BNSF","","","029578C",25,9,11,11,30,"AM",7,0,0,0,"0","","STOCKTON","1118.0",6,76
"465",25,9,"ATK","188677",NA,NA,"","",NA,NA,"BNSF","","","029654T",25,9,8,7,1,"PM",7,0,0,0,"0","","OAKLEY","1144.9",6,72
"466",25,9,"NS","161210",NA,NA,"","",25,9,"NS","161210","","",25,9,18,7,45,"AM",12,0,0,0,"0","","ELKHART","424.5",18,85
"467",25,9,"NS","161358",NA,NA,"","",25,9,"NS","161358","","",25,9,19,4,10,"AM",1,0,0,0,"0","","ELKHART","CD424.",18,80
"468",25,9,"NS","161181",NA,NA,"","",25,9,"NS","161181","","",25,9,15,2,36,"AM",1,0,0,0,"0","","NEW HAVEN","B367.0",18,66
"469",25,9,"NS","161126",NA,NA,"","",25,9,"NS","161126","","",25,9,7,1,0,"AM",13,0,0,0,"0","","CHATTANOOGA","335",47,65
"470",25,9,"NS","161126",NA,NA,"","",25,9,"NS","161126","","",25,9,7,1,0,"AM",13,0,0,0,"0","","CHATTANOOGA","335",47,65
"471",25,9,"NS","161141",NA,NA,"","",25,9,"NS","161141","","",25,9,9,7,15,"AM",1,12,0,0,"0","","DAYTON","SP251.",18,75
"472",25,9,"CSX","000227169",NA,NA,"","",25,9,"CSX","000227169","","",25,9,16,6,38,"AM",12,0,0,0,"0","","CUMBERLAND","0175.0",24,67
"473",25,9,"UP","0925TO011",25,9,"ATK","188675",25,9,"UP","0925TO011","","794782H",25,9,10,4,24,"PM",7,0,0,0,"0","","TERRELL","182.89",48,88
"474",25,9,"ATK","188675",NA,NA,"","",25,9,"UP","0925TO011","","794782H",25,9,10,4,34,"PM",7,0,0,0,"0","","TERRELL","0182.9",48,91
"475",25,9,"UP","0925HO029",NA,NA,"","",25,9,"UP","0925HO029","","",25,9,23,10,0,"AM",13,0,0,0,"0","","DAYTON","46.06",48,87
"476",25,9,"UP","0925MA038",NA,NA,"","",25,9,"UP","0925MA038","","",25,9,26,8,41,"PM",12,0,0,0,"0","","NORTH LITTLE ROCK","341.5",5,71
"477",25,9,"TGS","092025B",NA,NA,"","",25,9,"TGS","092025B","","",25,9,29,4,26,"AM",5,0,0,0,"0","","BAYTOWN","",48,65
"478",25,8,"FWWR","25082201",25,8,"UP","0825TO025",25,8,"FWWR","25082201","","",25,8,22,12,40,"PM",1,0,0,0,"0","","FORT WORTH","611",48,88
"479",25,8,"GSWR","GSW271125D",NA,NA,"","",25,8,"GSWR","GSW271125D","","",25,8,11,9,50,"AM",1,0,0,0,"0","","EUFAULA","334",1,83
"480",25,8,"NS","161113",NA,NA,"","",25,8,"NS","161113","","",25,8,29,3,25,"PM",12,0,0,0,"0","","DECATUR","D374.0",17,70
"481",25,8,"NS","161113",NA,NA,"","",25,8,"NS","161113","","",25,8,29,3,25,"PM",12,0,0,0,"0","","DECATUR","D374.0",17,70
"482",25,8,"CNRW","1728594",NA,NA,"","",25,8,"BRC","14934","","",25,8,9,2,40,"PM",1,0,0,0,"0","","BEDFORD PARK","17.8",17,93
"483",25,8,"NS","161047",NA,NA,"","",25,8,"NS","161047","","",25,8,28,9,30,"PM",12,0,0,0,"0","","CONWAY","PC023.",42,60
"484",25,8,"NS","161047",NA,NA,"","",25,8,"NS","161047","","",25,8,28,9,30,"PM",12,0,0,0,"0","","CONWAY","PC023.",42,60
"485",25,8,"CSX","000226852",NA,NA,"","",25,8,"CSX","000226852","","",25,8,30,1,0,"PM",12,0,0,0,"0","","CUMBERLAND","0178.0",24,70
"486",25,8,"CSX","000226700",NA,NA,"","",25,8,"CSX","000226700","","",25,8,20,12,45,"AM",12,1,0,0,"0","","BIRMINGHAM","0389.0",1,75
"487",25,8,"PTRA","2025030",NA,NA,"","",25,8,"PTRA","2025030","","",25,8,27,6,30,"PM",1,3,3,0,"0","","DEER PARK","14.1",48,80
"488",25,8,"BNSF","RD0825209",NA,NA,"","",25,8,"BNSF","RD0825209","","024361X",25,8,25,11,30,"AM",7,0,0,0,"0","","CONROE","73.8",48,90
"489",25,8,"SKOL","250828002",NA,NA,"","",25,8,"SKOL","250828002","","",25,8,28,7,5,"AM",1,0,0,0,"0","","MOUND VALLEY","376.9",20,84
"490",25,8,"SKOL","250810002",NA,NA,"","",25,8,"SKOL","250810002","","",25,8,10,1,40,"PM",1,0,0,0,"0","","CHERRYVALE","3.1",20,92
"491",25,8,"BNSF","KS0825121",NA,NA,"","",25,8,"TXNW","ZZZZZZZZZZ","","",25,8,30,4,0,"AM",1,0,0,0,"0","","DUMAS","63.7",48,65
"492",25,8,"CSX","000228217",25,8,"ATK","188363",25,8,"CSX","000228217","","",25,8,25,5,0,"PM",9,0,0,0,"0","","DOSWELL","0021.0",51,86
"493",25,8,"NTZR","NTZR1",NA,NA,"","",25,8,"NTZR","NTZR1","","309803R",25,8,6,3,25,"PM",7,0,0,0,"0","","BUDE","110",28,94
"494",25,8,"BNSF","RD0825121",NA,NA,"","",25,8,"BNSF","RD0825121","","",25,8,16,7,28,"PM",1,0,0,0,"0","","SAN ANTONIO","222.6",48,94
"495",25,8,"BNSF","KS0825101",NA,NA,"","",25,8,"BNSF","KS0825101","","",25,8,1,2,21,"AM",13,2,2,0,"0","","KANSAS CITY","6.5",20,71
"496",25,8,"UP","0825PN006",NA,NA,"","",25,8,"UP","0825PN006","","",25,8,6,4,55,"PM",12,0,0,0,"0","","STANFIELD","186.27",41,81
"497",25,8,"WATX","250826005",NA,NA,"","",25,8,"WATX","250826005","","",25,8,26,9,0,"PM",1,9,9,0,"0","","HOUSTON","1",48,83
"498",25,8,"UP","0825PN006",NA,NA,"","",25,8,"UP","0825PN006","","",25,8,6,4,55,"PM",12,0,0,0,"0","","STANFIELD","186.27",41,81
"499",25,8,"ARS","250812005",NA,NA,"","",25,8,"ARS","250812005","","",25,8,12,1,45,"AM",1,0,0,0,"0","","HEAVENER","5.1",40,72
"500",25,8,"UP","0825HL010",25,8,"ATK","188244",25,8,"UP","0825HL010","","441992X",25,8,17,4,59,"PM",7,0,0,0,"0","","PLEASANT HILL","246.84",29,99
"501",25,8,"UP","0825PN023",NA,NA,"","",25,8,"UP","0825PN023","","",25,8,28,7,0,"PM",6,0,0,0,"0","","STANFIELD","186.24",41,93
"502",25,8,"UP","0825PN022",NA,NA,"","",25,8,"UP","0825PN022","","",25,8,25,12,20,"AM",13,0,0,0,"0","","ONTARIO","498",41,75
"503",25,8,"UP","0825MA026",NA,NA,"","",25,8,"BNSF","HL0825120","","",25,8,27,3,43,"PM",1,0,0,0,"0","","MEMPHIS","483.0",47,81
"504",25,8,"NS","160939",NA,NA,"","",25,8,"NS","160939","","",25,8,16,3,5,"PM",1,15,0,0,"0","","HARRISBURG","112",42,86
"505",25,8,"UP","0825HO017",NA,NA,"","",25,8,"UP","0825HO017","","",25,8,14,1,0,"PM",1,0,0,0,"0","","HOUSTON","179.65",48,89
"506",25,8,"CRSH","147055",25,8,"CSX","000226849",25,8,"CRSH","147055","","",25,8,30,5,30,"AM",1,0,0,0,"0","","NEWARK","1",34,58
"507",25,8,"PATH","PATH0869F",NA,NA,"","",25,8,"PATH","PATH0869F","","NOTASGN",25,8,4,6,18,"AM",11,0,0,0,"0","","JERSEY CITY","1264.0",34,74
"508",25,8,"TSWS","9128052025",NA,NA,"","",25,8,"TSWS","9128052025","","",25,8,5,12,28,"PM",1,0,0,0,"0","","JOLIET","",17,72
"509",25,8,"CSX","000226604",NA,NA,"","",25,8,"CSX","000226604","","348361U",25,8,15,3,51,"PM",7,0,0,0,"0","","TREZEVANT","0273.3",47,90
"510",25,8,"UP","0825RM019",NA,NA,"","",25,8,"UP","0825RM019","","",25,8,16,7,0,"PM",12,0,0,0,"0","","OGDEN","991.26",49,90
"511",25,8,"UP","0825MA012",NA,NA,"","",25,8,"UP","0825MA012","","",25,8,13,11,45,"PM",12,1,0,0,"0","","NORTH LITTLE ROCK","341.35",5,76
"512",25,8,"LSRC","D250819",NA,NA,"","",25,8,"LSRC","D250819","","",25,8,19,5,25,"PM",1,0,0,0,"0","","FLINT","27.3",26,73
"513",25,8,"UP","0825GP012",25,8,"BNSF","PR0825107",25,8,"UP","0825GP012","","",25,8,6,10,15,"PM",1,27,0,0,"0","","DENVER","0.57",8,79
"514",25,8,"UP","0825MA025",NA,NA,"","",25,8,"UP","0825MA025","","794618E",25,8,27,3,45,"PM",7,0,0,0,"0","","HALLSVILLE","79.8",48,91
"515",25,8,"UP","0825RM019",NA,NA,"","",25,8,"UP","0825RM019","","",25,8,16,7,0,"PM",12,0,0,0,"0","","OGDEN","991.26",49,90
"516",25,8,"CSX","000226792",NA,NA,"","",25,8,"CSX","000226792","","",25,8,27,2,20,"AM",1,0,0,0,"0","","BUFFALO","0002.0",36,57
"517",25,8,"CSX","000226542",NA,NA,"","",25,8,"CSQZ","INDUSTRY","","",25,8,12,11,30,"AM",1,0,0,0,"0","","SAVANNAH","0500.0",13,90
"518",25,8,"NS","160974",NA,NA,"","",25,8,"NS","160974","","",25,8,20,2,0,"PM",1,0,0,0,"0","","MILL CREEK","196",42,75
"519",25,8,"BNSF","PR0825108",NA,NA,"","",25,8,"AMAQ","INDUSTRY","","",25,8,8,4,43,"PM",1,0,0,0,"0","","GILLETTE","16.3",56,78
"520",25,8,"UP","0825MA005",NA,NA,"","",25,8,"UP","0825MA005","","",25,8,8,3,45,"PM",12,0,0,0,"0","","NORTH LITTLE ROCK","341.5",5,96
"521",25,8,"CSX","000226850",NA,NA,"","",25,8,"CSX","000226850","","350404K",25,8,29,12,40,"PM",7,0,0,0,"0","","CHAPEL HILL","0226.3",47,82
"522",25,8,"NS","160889",NA,NA,"","",25,8,"NS","160889","","",25,8,9,5,15,"PM",12,0,0,0,"0","","KING OF PRUSSIA","20",42,86
"523",25,8,"BNSF","KS0825112",NA,NA,"","",25,8,"BNSF","KS0825112","","",25,8,11,11,15,"PM",13,0,0,0,"0","","LAWRENCE","30.2",20,73
"524",25,8,"BNSF","KS0825112",NA,NA,"","",25,8,"BNSF","KS0825112","","",25,8,11,11,15,"PM",13,0,0,0,"0","","LAWRENCE","30.2",20,73
"525",25,8,"TNER","TNE278625D",NA,NA,"","",25,8,"TNER","TNE278625D","","",25,8,20,11,30,"AM",1,0,0,0,"0","","HOOKS","10.63",48,85
"526",25,8,"PNWR","PNW270625D",NA,NA,"","",25,8,"PNWR","PNW270625D","","",25,8,9,12,20,"PM",1,0,0,0,"0","","NORTH PLAINS","21.9",41,77
"527",25,8,"UP","0825HL007",NA,NA,"","",25,8,"UP","0825HL007","","",25,8,10,3,15,"PM",1,0,0,0,"0","","HUTCHINSON","242.55",20,86
"528",25,8,"CRSH","147053",NA,NA,"","",25,8,"CRSH","147053","","",25,8,20,2,0,"PM",1,0,0,0,"0","","NEWARK","1",34,75
"529",25,8,"UP","0825SX008",NA,NA,"","",25,8,"ZHMU","INDUSTRY","","",25,8,12,2,0,"AM",12,0,0,0,"0","","NEW BRAUNFELS","236.05",48,82
"530",25,8,"UP","0825TO012",NA,NA,"","",25,8,"FWWR","25081401","","",25,8,14,2,10,"PM",1,1,0,0,"0","","FORT WORTH","611.24",48,97
"531",25,8,"UP","0825SX019",NA,NA,"","",25,8,"UP","0825SX019","","",25,8,24,6,34,"PM",1,0,0,0,"0","","COLUMBUS","87.0",48,92
"532",25,8,"UP","0825TO001",NA,NA,"","",25,8,"UP","0825TO001","","796064K",25,8,1,3,18,"PM",7,0,0,0,"0","","TYE","413.72",48,89
"533",25,8,"NS","160889",NA,NA,"","",25,8,"NS","160889","","",25,8,9,5,15,"PM",12,71,2,0,"0","","KING OF PRUSSIA","20",42,86
"534",25,8,"BNSF","CH0825101",NA,NA,"","",25,8,"BNSF","CH0825101","","",25,8,1,3,45,"AM",1,0,0,0,"0","","GALESBURG","163.6",17,67
"535",25,8,"BNSF","CH0825101",NA,NA,"","",25,8,"BNSF","CH0825101","","",25,8,1,3,45,"AM",1,12,1,0,"0","","GALESBURG","163.6",17,67
"536",25,8,"UP","0825TO004",NA,NA,"","",25,8,"UP","0825TO004","","",25,8,6,1,47,"AM",12,1,1,0,"0","","FORT WORTH","249.8",48,79
"537",25,8,"UP","0825HO030",NA,NA,"","",25,8,"UP","0825HO030","","",25,8,24,4,3,"PM",12,0,0,0,"0","","HOUSTON","357.2",48,95
"538",25,8,"UP","0825HO030",NA,NA,"","",25,8,"UP","0825HO030","","",25,8,24,4,3,"PM",12,0,0,0,"0","","HOUSTON","357.2",48,95
"539",25,8,"NS","160961",NA,NA,"","",25,8,"NS","160961","","",25,8,18,7,10,"PM",12,0,0,0,"0","","CONWAY","PC023.",42,78
"540",25,8,"UP","0825TO004",NA,NA,"","",25,8,"UP","0825TO004","","",25,8,6,1,47,"AM",12,1,1,0,"0","","FORT WORTH","249.8",48,79
"541",25,8,"UP","0825HO029",NA,NA,"","",25,8,"UP","0825HO029","","",25,8,22,7,30,"PM",1,0,0,0,"0","","HOUSTON","358.81",48,83
"542",25,8,"UP","0825HO016",NA,NA,"","",25,8,"UP","0825HO016","","743650H",25,8,15,8,17,"AM",7,0,0,0,"0","","HOUSTON","8.49",48,82
"543",25,8,"UP","0825TO008",NA,NA,"","",25,8,"UP","0825TO008","","",25,8,12,2,0,"PM",1,24,19,0,"0","","GORDON","316.56",48,88
"544",25,8,"UP","0825TO025",NA,NA,"","",25,8,"FWWR","25082201","","",25,8,22,12,40,"PM",1,0,0,0,"0","","FORT WORTH","611.5",48,81
"545",25,8,"UP","0825TO025",NA,NA,"","",25,8,"FWWR","25082201","","",25,8,22,12,40,"PM",1,0,0,0,"0","","FORT WORTH","611.5",48,81
"546",25,8,"SJVR","SJV266825O",25,8,"BNSF","CA-0825103",25,8,"SJVR","SJV266825O","","",25,8,4,7,3,"AM",1,0,0,0,"0","","BAKERSFIELD","113.7",6,73
"547",25,8,"BNSF","CA0825101",NA,NA,"","",25,8,"ARZC","ARZ267025O","","",25,8,1,10,0,"AM",1,0,0,0,"0","","CADIZ","189.6",6,108
"548",25,8,"CNRW","1729210",NA,NA,"","",25,8,"CNRW","1729210","","",25,8,26,4,19,"PM",12,0,0,0,"0","","GARY","45.4",18,73
"549",25,8,"EIRR","250827007",NA,NA,"","",25,8,"EIRR","250827007","","",25,8,27,8,40,"AM",1,15,0,0,"0","","MINIDOKA","1.9",16,75
"550",25,8,"GRW","GRW0020F",NA,NA,"","",25,8,"GRW","GRW0020F","","",25,8,16,3,8,"AM",1,0,0,0,"0","","GARY","0",18,79
"551",25,8,"NICD","N2500037",NA,NA,"","",25,8,"NICD","N2500037","","",25,8,18,9,30,"PM",13,0,0,0,"0","","OGDEN DUNES","51",18,68
"552",25,8,"SQSC","SQSC25002",25,8,"USG","INDUSTRY",25,8,"USG","INDUSTRY","","",25,8,7,8,20,"AM",1,0,0,0,"0","","BRIDGEPORT","",1,80
"553",25,8,"EIRR","250815005",NA,NA,"","",25,8,"EIRR","250815005","","",25,8,15,7,57,"PM",1,1,1,0,"0","","MINIDOKA","0.25",16,75
"554",25,8,"BNSF","MT0825110",NA,NA,"","",25,8,"BNSF","MT0825110","","",25,8,25,4,20,"AM",1,2,0,0,"0","","HAVRE","429.9",30,48
"555",25,8,"BNSF","CA0825103",25,8,"SJVR","SJV266825O",25,8,"BNSF","CA0825103","","",25,8,4,7,3,"AM",1,15,0,0,"0","","BAKERSFIELD","888.7",6,88
"556",25,8,"CNRW","1729210",NA,NA,"","",25,8,"CNRW","1729210","","",25,8,26,4,19,"PM",12,2,2,0,"0","","GARY","45.4",18,73
"557",25,8,"NS","160891",NA,NA,"","",25,8,"NS","160891","","",25,8,10,9,37,"AM",1,6,0,0,"0","","TYRONE","PT223.",42,84
"558",25,8,"NS","160821",NA,NA,"","",25,8,"NS","160821","","",25,8,1,12,54,"AM",13,13,0,0,"0","","BRISTOL","408.2",51,75
"559",25,8,"CNRW","1729280",NA,NA,"","",25,8,"CNRW","1729280","","",25,8,28,5,15,"PM",1,0,0,0,"0","","GARY","45",18,71
"560",25,8,"CPDR","CPD270925D",NA,NA,"","",25,8,"CPDR","CPD270925D","","",25,8,10,5,15,"AM",1,0,0,0,"0","","LAURENS","555.7",45,72
"561",25,8,"FWWR","25081401",25,8,"UP","0825TO012",25,8,"FWWR","25081401","","",25,8,14,2,55,"PM",1,0,0,0,"0","","FORT WORTH","611",48,97
"562",25,8,"CSX","000226411",NA,NA,"","",25,8,"CSX","000226411","","",25,8,5,7,45,"AM",12,0,0,0,"0","","CINCINNATI","0007.0",39,80
"563",25,8,"CSX","000226411",NA,NA,"","",25,8,"CSX","000226411","","",25,8,5,7,45,"AM",12,0,0,0,"0","","CINCINNATI","0007.0",39,80
"564",25,8,"BNSF","RD0825123",NA,NA,"","",25,8,"BNSF","RD0825123","","",25,8,17,7,50,"PM",1,0,0,0,"0","","TULSA","426.4",40,80
"565",25,8,"BNSF","RD0825137",NA,NA,"","",25,8,"XCXE","INDUSTRY","","",25,8,31,11,30,"AM",1,0,0,0,"0","","THOMPSONS","3.0",48,89
"566",25,8,"UP","0825HO034",NA,NA,"","",25,8,"XONW","INDUSTRY","","",25,8,27,3,21,"PM",9,10,1,0,"0","","CORPUS CHRISTI","147.66",48,89
"567",25,8,"CSX","000226852",NA,NA,"","",25,8,"CSX","000226852","","",25,8,30,1,0,"PM",12,0,0,0,"0","","CUMBERLAND","0178.0",24,70
"568",25,8,"NSCR","NS2025003",25,8,"BNSF","TC0825201",25,8,"BNSF","TC0825201","","085928S",25,8,22,7,7,"AM",7,0,0,0,"0","","COON RAPIDS","",27,71
"569",25,8,"UP","0825GL040",NA,NA,"","",25,8,"UP","0825GL040","","",25,8,13,8,0,"AM",13,0,0,0,"0","","MANKATO","81.77",27,65
"570",25,8,"UP","0825GL041",NA,NA,"","",25,8,"UP","0825GL041","","",25,8,12,8,0,"AM",13,0,0,0,"0","","BREWSTER","171.53",27,65
"571",25,8,"BNSF","TC0825113",NA,NA,"","",25,8,"BNSF","TC0825113","","",25,8,31,1,1,"AM",1,0,0,0,"0","","FRIDLEY","13.9",27,65
"572",25,8,"NS","160861",NA,NA,"","",25,8,"NS","160861","","",25,8,6,1,0,"PM",1,0,0,0,"0","","BUTNER","073.40",37,73
"573",25,8,"KRR","KRR271225D",NA,NA,"","",25,8,"KRR","KRR271225D","","",25,8,8,1,30,"PM",1,0,0,0,"0","","ASHDOWN","766.4",5,95
"574",25,8,"CSX","000226853",NA,NA,"","",25,8,"CSX","000226853","","",25,8,30,9,4,"PM",1,7,3,1,"0","","LOUISVILLE","0006.0",21,60
"575",25,8,"CSX","000226790",NA,NA,"","",25,8,"CSX","000226790","","",25,8,26,8,50,"PM",1,0,0,0,"0","","MONTGOMERY","0489.0",1,82
"576",25,8,"UP","0825RM009",NA,NA,"","",25,8,"UP","0825RM009","","",25,8,12,10,24,"AM",1,5,0,0,"0","","GREEN RIVER","816.8",56,63
"577",25,8,"BNSF","TC0825104",NA,NA,"","",25,8,"BNSF","TC0825104","","",25,8,5,10,34,"AM",1,0,0,0,"0","","BROOKSTON","57.9",27,78
"578",25,8,"UP","0825GL020",NA,NA,"","",25,8,"UP","0825GL020","","",25,8,17,11,15,"AM",13,0,0,0,"0","","SOUTH ST PAUL","348.71",27,73
"579",25,8,"BNSF","TC0825113",NA,NA,"","",25,8,"BNSF","TC0825113","","",25,8,31,1,1,"AM",1,0,0,0,"0","","FRIDLEY","13.9",27,65
"580",25,8,"CSX","000226433",NA,NA,"","",25,8,"CSX","000226433","","",25,8,5,4,0,"AM",1,0,0,0,"0","","CARMEL","0075.3",23,60
"581",25,8,"MNCW","86136",NA,NA,"","",25,8,"MNCW","86136","","",25,8,24,6,5,"PM",1,0,0,0,"0","","STAMFORD","33.3",9,73
"582",25,8,"UP","0825TO030",NA,NA,"","",25,8,"ZHMU","INDUSTRY","","",25,8,29,1,10,"AM",1,0,0,0,"0","","TERRELL","186.92",48,73
"583",25,8,"CCET","CCET0525",NA,NA,"","",25,8,"CCET","CCET0525","","",25,8,15,2,0,"PM",1,0,0,0,"0","","MOUNT ORAB","40.8",39,90
"584",25,8,"UP","0825GL026",NA,NA,"","",25,8,"UP","0825GL026","","",25,8,20,4,0,"PM",1,6,0,0,"0","","MASON CITY","0.48",19,79
"585",25,8,"ATK","187962",NA,NA,"","",NA,NA,"BNSF","","","028706E",25,8,1,9,19,"AM",7,0,0,0,"0","","WINTON","1065.2",6,68
"586",25,8,"BNSF","TC0825113",NA,NA,"","",25,8,"BNSF","TC0825113","","",25,8,31,1,1,"AM",1,0,0,0,"0","","FRIDLEY","13.9",27,65
"587",25,8,"ATK","188171",NA,NA,"","",25,8,"ATK","188171","","",25,8,7,6,40,"AM",13,0,0,0,"0","","MARCUS HOOK","0023.3",42,64
"588",25,8,"UP","0825TO029",NA,NA,"","",25,8,"UP","0825TO029","","",25,8,31,10,6,"AM",12,14,5,2,"0","","FORT WORTH","251.61",48,78
"589",25,8,"BRS","250811004",NA,NA,"","",25,8,"BRS","250811004","","",25,8,11,11,30,"PM",1,0,0,0,"0","","BATON ROUGE","215.9",22,76
"590",25,8,"INRD","644345",NA,NA,"","",NA,NA,"","","","",25,8,12,7,15,"AM",1,1,1,0,"0","","INDIANAPOLIS","1.9",18,74
"591",25,8,"MNN","MNN8142025",NA,NA,"","",25,8,"MNN","MNN8142025","","",25,8,14,10,30,"AM",1,0,0,0,"0","","CROOKSTON","65",27,75
"592",25,8,"CSX","000228219",25,8,"ATK","188382",25,8,"CSX","000228219","","",25,8,21,8,31,"PM",9,0,0,0,"0","","LUDOWICI","0532.7",13,84
"593",25,8,"CSX","000226453",NA,NA,"","",25,8,"CSX","000226453","","",25,8,7,6,30,"AM",1,86,0,0,"0","","TERRA ALTA","0243.0",54,66
"594",25,8,"CSX","000226638",NA,NA,"","",25,8,"CSX","000226638","","",25,8,17,1,36,"PM",1,0,0,0,"0","","SUMMIT POINT","0016.5",54,90
"595",25,8,"UP","0825TO029",NA,NA,"","",25,8,"UP","0825TO029","","",25,8,31,10,6,"AM",12,13,1,0,"0","","FORT WORTH","251.61",48,78
"596",25,8,"CSX","000226387",NA,NA,"","",25,8,"CSX","000226387","","",25,8,4,1,17,"PM",1,0,0,0,"0","","BUFFALO","0434.0",36,82
"597",25,8,"BNSF","TC0825107",NA,NA,"","",25,8,"BNSF","TC0825107","","",25,8,12,6,37,"PM",1,0,0,0,"0","","MANDAN","199.3",38,80
"598",25,8,"BNSF","RD0825128",NA,NA,"","",25,8,"BNSF","RD0825128","","",25,8,21,12,20,"AM",1,0,0,0,"0","","ENID","543.8",40,70
"599",25,8,"ATK","188386",NA,NA,"","",25,8,"ATK","188386","","",25,8,26,9,36,"AM",3,0,0,0,"0","","NEW YORK","0000.0",36,75
"600",25,8,"ATK","188386",NA,NA,"","",25,8,"ATK","188386","","",25,8,26,9,36,"AM",3,0,0,0,"0","","NEW YORK","0000.0",36,75
"601",25,8,"NYSW","NYSW0013F",NA,NA,"","",25,8,"NYSW","NYSW0013F","","",25,8,20,2,26,"AM",1,0,0,0,"0","","JAMESVILLE","264.8",36,57
"602",25,8,"CXR","CXR252008A",NA,NA,"","",25,8,"CXR","CXR252008A","","",25,8,20,3,2,"PM",1,0,0,0,"0","","CHIVINGTON","772.9",8,95
"603",25,8,"CPKC","1002428098",NA,NA,"","",25,8,"CPKC","1002428098","","",25,8,1,1,0,"PM",12,1,0,0,"0","","DE QUEEN","433",5,81
"604",25,8,"CPKC","1002428098",NA,NA,"","",25,8,"CPKC","1002428098","","",25,8,1,1,0,"PM",12,10,1,0,"0","","DE QUEEN","433",5,81
"605",25,8,"NS","161120",NA,NA,"","",25,8,"E65","INDUSTRY","","",25,8,29,11,15,"AM",9,0,0,0,"0","","BRAITHWAITE","015.00",22,87
"606",25,8,"NOPB","NOPB0112F",NA,NA,"","",25,8,"NOPB","NOPB0112F","","",25,8,27,11,15,"AM",1,0,0,0,"0","","NEW ORLEANS","14.1",22,90
"607",25,8,"NS","160954",NA,NA,"","",25,8,"NS","160954","","",25,8,15,8,35,"AM",1,0,0,0,"0","","OSCEOLA","CD426.",18,72
"608",25,8,"BNSF","SW0825109",NA,NA,"","",25,8,"BNSF","SW0825109","","",25,8,30,11,59,"AM",3,0,0,0,"0","","WINSLOW","283.6",4,90
"609",25,8,"UP","0825MA005",NA,NA,"","",25,8,"UP","0825MA005","","",25,8,8,3,45,"PM",12,0,0,0,"0","","NORTH LITTLE ROCK","341.5",5,96
"610",25,8,"UP","0825MA012",NA,NA,"","",25,8,"UP","0825MA012","","",25,8,13,11,45,"PM",12,1,0,0,"0","","NORTH LITTLE ROCK","341.35",5,76
"611",25,8,"NS","160893",NA,NA,"","",25,8,"NS","160893","","",25,8,6,9,40,"PM",1,0,0,0,"0","","DECATUR","D373.0",17,78
"612",25,8,"BNSF","SW0825109",NA,NA,"","",25,8,"BNSF","SW0825109","","",25,8,30,11,59,"AM",3,0,0,0,"0","","WINSLOW","283.6",4,90
"613",25,8,"CSX","000226700",NA,NA,"","",25,8,"CSX","000226700","","",25,8,20,12,45,"AM",12,0,0,0,"0","","BIRMINGHAM","0389.0",1,75
"614",25,8,"BNSF","PR0825107",25,8,"UP","0825GP012",25,8,"UP","0825GP012","","",25,8,6,10,15,"PM",1,0,0,0,"0","","DENVER","0.57",8,79
"615",25,8,"ARZC","ARZ267025O",25,8,"BNSF","CA0825101",25,8,"ARZC","ARZ267025O","","",25,8,1,10,0,"AM",1,0,0,0,"0","","CADIZ","189.6",6,108
"616",25,8,"NS","160857",NA,NA,"","",25,8,"NS","160857","","",25,8,4,1,4,"PM",1,0,0,0,"0","","ELKHART","CD423.",18,82
"617",25,8,"ABS","250804003",NA,NA,"","",25,8,"ABS","250804003","","",25,8,4,3,0,"PM",1,0,0,0,"0","","TUSCALOOSA","74.4",1,80
"618",25,8,"TASD","D20250818",NA,NA,"","",25,8,"TASD","D20250818","","",25,8,18,2,55,"AM",1,0,0,0,"0","","MOBILE","0",1,77
"619",25,8,"BNSF","HL0825104",NA,NA,"","",25,8,"BNSF","HL0825104","","",25,8,9,5,12,"AM",1,0,0,0,"0","","LINCOLN","54.2",31,71
"620",25,8,"CSX","000226361",NA,NA,"","",25,8,"CSX","000226361","","",25,8,2,11,29,"PM",1,0,0,0,"0","","ST ALBANS","0000.7",54,79
"621",25,8,"BNSF","MT0825102",NA,NA,"","",25,8,"BNSF","MT0825102","","",25,8,8,6,0,"AM",1,0,0,0,"0","","GREAT FALLS","1.5",30,60
"622",25,8,"BNSF","MT0825201",NA,NA,"","",25,8,"BNSF","MT0825201","","919103T",25,8,3,5,0,"PM",7,1,0,0,"0","","POMPEYS PILLAR","196.7",30,87
"623",25,8,"TCT","580327",NA,NA,"","",25,8,"TCT","580327","","943618S",25,8,22,9,5,"AM",1,30,3,0,"0","","TEXAS CITY","1",48,80
"624",25,8,"UP","0825GP035",NA,NA,"","",25,8,"UP","0825GP035","","",25,8,24,12,30,"PM",1,0,0,0,"0","","NORTH PLATTE","287.5",31,67
"625",25,8,"BNSF","PR0825103",NA,NA,"","",25,8,"BNSF","PR0825103","","",25,8,5,12,10,"AM",1,0,0,0,"0","","DENVER","540.9",8,60
"626",25,8,"BNSF","CA0825116",NA,NA,"","",25,8,"BNSF","CA0825116","","",25,8,25,5,15,"AM",1,0,0,0,"0","","BARSTOW","1.2",6,80
"627",25,8,"BNSF","CH0825102",NA,NA,"","",25,8,"BNSF","CH0825102","","",25,8,1,5,21,"AM",1,0,0,0,"0","","EOLA","35.4",17,63
"628",25,8,"BNSF","TC0825113",NA,NA,"","",25,8,"BNSF","TC0825113","","",25,8,31,1,1,"AM",1,0,0,0,"0","","FRIDLEY","13.9",27,65
"629",25,8,"BNSF","CH0825111",NA,NA,"","",25,8,"BNSF","CH0825111","","",25,8,26,12,36,"PM",1,0,0,0,"0","","ROCHELLE","83.5",17,75
"630",25,8,"RTDC","345693",NA,NA,"","",25,8,"RTDC","345693","","906047B",25,8,4,9,21,"AM",7,0,0,0,"54","","AURORA","10.36",8,81
"631",25,8,"UP","0825GC011",NA,NA,"","",25,8,"UP","0825GC011","","",25,8,17,6,46,"PM",1,0,0,0,"0","","WESTLAKE","223.5",22,93
"632",25,8,"CPKC","1002438614",NA,NA,"","",25,8,"CPKC","1002438614","","",25,8,15,2,10,"PM",1,94,23,4,"0","","WATERTOWN","141.7",55,87
"633",25,8,"NS","161044",NA,NA,"","",25,8,"NS","161044","","",25,8,28,11,55,"AM",12,0,0,0,"0","","GREENSBORO","274.8",37,73
"634",25,8,"UP","0825TO026",NA,NA,"","",25,8,"UP","0825TO026","","794805M",25,8,22,2,30,"PM",7,0,0,0,"0","","FORNEY","194.1",48,93
"635",25,8,"NS","161120",NA,NA,"","",25,8,"E65","INDUSTRY","","",25,8,29,11,15,"AM",9,0,0,0,"0","","BRAITHWAITE","015.00",22,87
"636",25,8,"CSX","000226659",NA,NA,"","",25,8,"CSX","000226659","","",25,8,17,3,4,"PM",1,0,0,0,"0","","ENFIELD","0100.0",37,90
"637",25,8,"WTRY","WTR280425G",NA,NA,"","",25,8,"WTRY","WTR280425G","","629459A",25,8,25,7,25,"AM",7,1,0,0,"0","","WILMINGTON","250.74",37,76
"638",25,8,"CSX","000226368",NA,NA,"","",25,8,"CSX","000226368","","",25,8,3,5,21,"AM",9,0,0,0,"0","","WOODBURY","0793.3",13,80
"639",25,8,"NS","160919",NA,NA,"","",25,8,"NS","160919","","",25,8,13,6,15,"PM",1,0,0,0,"0","","SAVANNAH","0.9",13,90
"640",25,8,"BNSF","PR0825103",NA,NA,"","",25,8,"BNSF","PR0825103","","",25,8,5,12,10,"AM",1,0,0,0,"0","","DENVER","540.9",8,60
"641",25,8,"BNSF","HL0825107",NA,NA,"","",25,8,"BNSF","HL0825107","","",25,8,13,4,54,"AM",1,4,0,0,"0","","BARNHART","29.6",29,71
"642",25,8,"FEC","D42082125",NA,NA,"","",25,8,"FEC","D42082125","","",25,8,21,11,0,"PM",1,0,0,0,"0","","MEDLEY","5",12,82
"643",25,8,"ATK","188244",NA,NA,"","",25,8,"UP","0825HL010","","441992X",25,8,17,4,46,"PM",7,0,0,0,"0","","PLEASANT HILL","0246.9",29,88
"644",25,8,"UP","0825RM021",NA,NA,"","",25,8,"UP","0825RM021","","",25,8,17,3,58,"AM",1,20,0,0,"0","","GREEN RIVER","816.0",56,61
"645",25,8,"BNSF","PR0825103",NA,NA,"","",25,8,"BNSF","PR0825103","","",25,8,5,12,10,"AM",1,0,0,0,"0","","DENVER","540.9",8,60
"646",25,8,"KYLE","KYL274825D",NA,NA,"","",25,8,"KYLE","KYL274825D","","",25,8,15,5,45,"PM",1,0,0,0,"0","","GLASCO","41.6",20,90
"647",25,8,"PHL","PHL0174F",NA,NA,"","",25,8,"PHL","PHL0174F","","",25,8,21,2,7,"PM",1,0,0,0,"0","","LOS ANGELES","21.0",6,85
"648",25,8,"BNSF","KS0825105",NA,NA,"","",25,8,"BNSF","KS0825105","","",25,8,4,4,50,"PM",1,0,0,0,"0","","KANSAS CITY","5.6",20,90
"649",25,8,"NS","160947",NA,NA,"","",25,8,"NS","160947","","467450N",25,8,17,2,41,"PM",7,5,0,0,"0","","WAVERLY","N058.2",51,89
"650",25,8,"BNSF","KS0825105",NA,NA,"","",25,8,"BNSF","KS0825105","","",25,8,4,4,50,"PM",1,0,0,0,"0","","KANSAS CITY","5.6",20,90
"651",25,8,"BNSF","KS0825101",NA,NA,"","",25,8,"BNSF","KS0825101","","",25,8,1,2,21,"AM",13,24,0,0,"0","","KANSAS CITY","6.5",20,71
"652",25,8,"ATK","188363",NA,NA,"","",25,8,"CSX","000228217","","",25,8,25,5,0,"PM",9,0,0,0,"0","","DOSWELL","0021.0",51,86
"653",25,8,"PHL","PHL0172F",NA,NA,"","",25,8,"PHL","PHL0172F","","",25,8,8,12,46,"PM",1,0,0,0,"0","","LONG BEACH","21",6,85
"654",25,8,"ATK","188382",NA,NA,"","",25,8,"CSX","000228219","","",25,8,21,8,31,"PM",9,0,0,0,"0","","WALTHOURVILLE","0532.7",13,84
"655",25,8,"CSX","000226573",NA,NA,"","",25,8,"BEAR","BER273925O","","",25,8,14,4,30,"AM",1,0,0,0,"0","","HARVARD","0316.0",25,68
"656",25,8,"BEAR","BER273925O",25,8,"CSX","000226573",25,8,"BEAR","BER273925O","","",25,8,14,4,30,"AM",1,0,0,0,"0","","HARVARD","316",25,68
"657",25,8,"NS","161024",NA,NA,"","",25,8,"NS","161024","","522639X",25,8,27,1,0,"AM",7,4,0,0,"0","","BURNS HARBOR","CD490.",18,51
"658",25,8,"MBTA","2616",NA,NA,"","",25,8,"MBTA","2616","","054311B",25,8,29,3,21,"PM",7,0,0,0,"0","","MELROSE","6.3",25,71
"659",25,8,"BNSF","RD0825117",NA,NA,"","",25,8,"BNSF","RD0825117","","",25,8,10,2,30,"PM",1,0,0,0,"0","","DES ALLEMANDS","28.8",22,86
"660",25,8,"CNRW","1729137",NA,NA,"","",25,8,"CNRW","1729137","","",25,8,25,12,5,"PM",12,0,0,0,"0","","GEISMAR","390",22,90
"661",25,8,"MCRL","MC250809A",NA,NA,"","",25,8,"MCRL","MC250809A","","",25,8,9,9,0,"AM",1,0,0,0,"0","","NORTH FALMOUTH","6.85",25,70
"662",25,8,"CSX","000226849",NA,NA,"","",25,8,"CRSH","147055","","",25,8,30,5,30,"AM",1,13,0,0,"0","","NEWARK","7",34,52
"663",25,8,"NS","160933",NA,NA,"","",25,8,"NS","160933","","",25,8,15,11,0,"AM",13,0,0,0,"0","","COLUMBIA","109",45,89
"664",25,8,"UP","0825TO013",NA,NA,"","",25,8,"UP","0825TO013","","",25,8,13,5,0,"PM",1,0,0,0,"0","","DALLAS","205.8",48,87
"665",25,8,"ATK","188216",NA,NA,"","",25,8,"ATK","188216","","",25,8,16,8,23,"PM",12,0,0,0,"0","","BOSTON","0000.0",25,73
"666",25,8,"CNRW","1729137",NA,NA,"","",25,8,"CNRW","1729137","","",25,8,25,12,5,"PM",12,0,0,0,"0","","GEISMAR","390",22,90
"667",25,8,"NS","161044",NA,NA,"","",25,8,"PG","INDUSTRY","","",25,8,28,11,55,"AM",12,0,0,0,"0","","GREENSBORO","274.8",37,73
"668",25,8,"UP","0825RM027",NA,NA,"","",25,8,"UP","0825RM027","","",25,8,20,4,37,"PM",1,2,1,0,"0","","BOSLER","591.25",56,87
"669",25,8,"MNCW","86131",NA,NA,"","",25,8,"MNCW","86131","","",25,8,23,12,22,"AM",4,0,0,0,"0","","CROTON FALLS","48.7",36,55
"670",25,8,"MNCW","86131",NA,NA,"","",25,8,"MNCW","86131","","",25,8,23,12,22,"AM",4,0,0,0,"0","","CROTON FALLS","48.7",36,55
"671",25,7,"FNOR","FN1425",NA,NA,"","",25,7,"FNOR","FN1425","","",25,7,25,10,53,"AM",1,1,1,0,"0","","OCALA","770.6",12,88
"672",25,7,"CSX","000225982",NA,NA,"","",25,7,"CSX","000225982","","",25,7,13,5,10,"PM",13,0,0,0,"0","","RUSSELL","0524.0",21,88
"673",25,7,"CSX","000226148",NA,NA,"","",25,7,"CSX","000226148","","",25,7,22,6,42,"AM",9,0,0,0,"0","","ELKHORN CITY","0002.4",21,70
"674",25,7,"UP","0725GC014",NA,NA,"","",25,7,"UP","0725GC014","","",25,7,22,2,30,"PM",1,4,3,0,"0","","LAKE CHARLES","216.67",22,91
"675",25,7,"UP","0725GC016",NA,NA,"","",25,7,"UP","0725GC016","","",25,7,19,9,38,"PM",1,0,0,0,"0","","ELTON","554.5",22,82
"676",25,7,"CPKC","1002414599",NA,NA,"","",25,7,"CPKC","1002414599","","",25,7,15,2,0,"AM",4,0,0,0,"0","","LAKE CHARLES","737",22,76
"677",25,7,"CPKC","1002414599",NA,NA,"","",25,7,"CPKC","1002414599","","",25,7,15,2,0,"AM",4,0,0,0,"0","","LAKE CHARLES","737",22,76
"678",25,7,"UP","0725HO026",NA,NA,"","",25,7,"UP","0725HO026","","",25,7,20,6,1,"PM",12,1,1,0,"0","","PASADENA","3.0",48,89
"679",25,7,"UP","0725TO032",NA,NA,"","",25,7,"UP","0725TO032","","",25,7,28,1,45,"AM",1,0,0,0,"0","","EL PASO","820.96",48,82
"680",25,7,"UP","0725HO035",NA,NA,"","",25,7,"UP","0725HO035","","",25,7,28,4,12,"AM",12,0,0,0,"0","","HOUSTON","6.92",48,80
"681",25,7,"FWWR","25071502",25,7,"FWWR","25071502",25,7,"FWWR","25071502","","",25,7,15,3,29,"PM",1,0,0,0,"0","","FORT WORTH","4.5",48,90
"682",25,7,"PHRR","70825",NA,NA,"","",25,7,"PHRR","70825","","",25,7,8,1,0,"AM",1,0,0,0,"0","","GRANITE CITY","1.8",17,72
"683",25,7,"UP","0725ES057",NA,NA,"","",25,7,"UP","0725ES057","","",25,7,30,1,8,"PM",9,0,0,0,"0","","FORDOCHE","123.31",22,89
"684",25,7,"UP","0725GC003",25,7,"BNSF","RD0725103",25,7,"UP","0725GC003","","",25,7,6,2,20,"PM",1,0,0,0,"0","","LAKE CHARLES","208.7",22,84
"685",25,7,"UP","0725GC005",NA,NA,"","",25,7,"UP","0725GC005","","",25,7,11,2,0,"PM",1,0,0,0,"0","","LAKE CHARLES","216.8",22,91
"686",25,7,"UP","0725GC005",NA,NA,"","",25,7,"UP","0725GC005","","",25,7,11,2,0,"PM",1,2,2,0,"0","","LAKE CHARLES","216.8",22,91
"687",25,7,"CNRW","1727368",NA,NA,"","",25,7,"CNRW","1727368","","",25,7,13,2,45,"PM",1,9,0,0,"0","","STEVENS POINT","247",55,78
"688",25,7,"UP","0725GC013",NA,NA,"","",25,7,"UP","0725GC013","","435811C",25,7,21,7,25,"AM",7,0,0,0,"0","","ELTON","551.75",22,79
"689",25,7,"NS","160806",NA,NA,"","",25,7,"NS","160806","","472588A",25,7,31,3,53,"PM",7,1,0,0,"0","","NEW HAVEN","B361.3",18,70
"690",25,7,"NS","160739",NA,NA,"","",25,7,"NS","160739","","",25,7,24,4,0,"AM",12,0,0,0,"0","","ELKHART","CD422.",18,68
"691",25,7,"NS","160780",NA,NA,"","",25,7,"NS","160780","","478649J",25,7,29,1,30,"AM",7,0,0,0,"0","","HOBART","B484.7",18,75
"692",25,7,"NS","160586",NA,NA,"","",25,7,"NS","160586","","",25,7,6,6,30,"AM",1,0,0,0,"0","","LAFAYETTE","D253.1",18,78
"693",25,7,"ATK","187731",NA,NA,"","",25,7,"ATK","187731","","",25,7,22,12,30,"PM",1,0,0,0,"0","","CHASE","80.2",24,86
"694",25,7,"ATK","187549",NA,NA,"","",NA,NA,"CPKC","","","",25,7,8,6,53,"PM",11,0,0,0,"0","","LYNDON STATION","0203.6",55,83
"695",25,7,"FWWR","25071502",25,7,"FWWR","25071502",25,7,"FWWR","25071502","","",25,7,15,3,29,"PM",1,0,0,0,"0","","FORT WORTH","4.5",48,90
"696",25,7,"PATH","PATH0861F",NA,NA,"","",25,7,"PATH","PATH0861F","","NOTASGN",25,7,12,11,21,"AM",1,0,0,0,"0","","HOBOKEN","6",34,84
"697",25,7,"CRSH","147034",NA,NA,"","",25,7,"CRSH","147034","","",25,7,2,6,4,"AM",1,0,0,0,"0","","CAMDEN","001.00",34,79
"698",25,7,"CRSH","147039",NA,NA,"","",25,7,"CRSH","147039","","",25,7,15,5,30,"PM",1,0,0,0,"0","","NEWARK","001.00",34,85
"699",25,7,"UP","0725TO014",NA,NA,"","",25,7,"UP","0725TO014","","796348P",25,7,14,8,24,"AM",7,12,0,0,"0","","MIDLAND","547.24",48,73
"700",25,7,"BNSF","KS0725117",NA,NA,"","",25,7,"BNSF","KS0725117","","",25,7,25,6,27,"AM",1,0,0,0,"0","","KANSAS CITY","5.6",20,73
"701",25,7,"BNSF","KS0725118",NA,NA,"","",25,7,"BNSF","KS0725118","","",25,7,25,9,50,"AM",1,0,0,0,"0","","EMPORIA","112.6",20,72
"702",25,7,"UP","0725HL032",NA,NA,"","",25,7,"UP","0725HL032","","",25,7,29,8,20,"PM",1,10,0,0,"0","","WICHITA","481.75",20,91
"703",25,7,"KYLE","KYL514025",NA,NA,"","",25,7,"KYLE","KYL514025","","",25,7,31,12,1,"PM",1,0,0,0,"0","","COURTLAND","204.5",20,74
"704",25,7,"FWWR","25072901",NA,NA,"","",25,7,"FWWR","25072901","","",25,7,29,4,30,"PM",1,0,0,0,"0","","CRESSON","",48,95
"705",25,7,"UP","0725SX007",NA,NA,"","",25,7,"UP","0725SX007","","",25,7,8,9,38,"PM",1,0,0,0,"0","","SAN ANTONIO","262.01",48,82
"706",25,7,"CSX","000226347",NA,NA,"","",25,7,"CSX","000226347","","351363L",25,7,29,9,54,"AM",7,0,0,0,"0","","ATMORE","0619.8",1,92
"707",25,7,"BRC","14928",NA,NA,"","",25,7,"BRC","14928","","",25,7,30,7,8,"PM",12,0,0,0,"0","","BEDFORD PARK","9",17,72
"708",25,7,"NS","160756",NA,NA,"","",25,7,"NS","160756","","",25,7,24,5,30,"AM",1,0,0,0,"0","","NORFOLK","LP002.",51,70
"709",25,7,"ATK","187440",NA,NA,"","",25,7,"NS","160608","","714621U",25,7,8,12,27,"PM",7,0,0,0,"0","","REMINGTON","0044.8",51,94
"710",25,7,"CSX","000226146",NA,NA,"","",25,7,"CSX","000226146","","",25,7,21,7,35,"PM",9,0,0,0,"0","","CLINCHCO","0015.6",51,85
"711",25,7,"NS","160608",25,7,"ATK","187440",25,7,"NS","160608","","714621U",25,7,8,12,30,"PM",7,0,0,0,"0","","CALVERTON","044.76",51,94
"712",25,7,"CSX","000225930",NA,NA,"","",25,7,"CSX","000225930","","",25,7,10,9,49,"AM",1,0,0,0,"0","","LYNCHBURG","0146.0",51,81
"713",25,7,"BNSF","KS0725203",NA,NA,"","",25,7,"BNSF","KS0725203","","003242F",25,7,27,6,41,"PM",7,0,0,0,"0","","LAMAR","506.3",8,101
"714",25,7,"BNSF","KS0725106",25,7,"HOLL","INDUSTRY",25,7,"BNSF","KS0725106","","",25,7,10,9,40,"AM",13,0,0,0,"0","","GRANADA","488.5",8,85
"715",25,7,"BNSF","PR0725201",NA,NA,"","",25,7,"BNSF","PR0725201","","057520U",25,7,9,3,33,"PM",7,0,0,0,"0","","PEETZ","87.7",8,99
"716",25,7,"FGLK","07212025",25,7,"NS","160727",25,7,"NS","160727","","",25,7,21,3,50,"PM",1,0,0,0,"0","","GENEVA","13.3",36,75
"717",25,7,"UP","0725PN038",NA,NA,"","",25,7,"UP","0725PN038","","",25,7,28,6,55,"PM",1,0,0,0,"0","","HELIX","200.85",41,94
"718",25,7,"CFRC","25212",NA,NA,"","",25,7,"CFRC","25212","","",25,7,31,5,53,"PM",1,0,0,0,"0","","SANFORD","764.3",12,93
"719",25,7,"UP","0725SX018",NA,NA,"","",25,7,"UP","0725SX018","","",25,7,25,2,0,"PM",1,41,2,0,"0","","MARATHON","555.98",48,91
"720",25,7,"BNSF","CH0725105",NA,NA,"","",25,7,"BNSF","CH0725105","","",25,7,10,2,26,"PM",13,0,0,0,"0","","GALENA","156.9",17,77
"721",25,7,"BNSF","CA0725101",NA,NA,"","",25,7,"BNSF","CA0725101","","",25,7,3,5,25,"AM",1,0,0,0,"0","","FRESNO","994.7",6,71
"722",25,7,"UP","0725HO035",NA,NA,"","",25,7,"UP","0725HO035","","",25,7,28,4,12,"AM",12,0,0,0,"0","","HOUSTON","6.92",48,80
"723",25,7,"NJTR","202507396",NA,NA,"","",25,7,"NJTR","202507396","","",25,7,7,6,52,"PM",1,0,0,0,"0","","Peapack-Gladstone","42.2",34,60
"724",25,7,"NJTR","202507396",NA,NA,"","",25,7,"NJTR","202507396","","",25,7,7,6,52,"PM",1,0,0,0,"0","","Peapack-Gladstone","42.2",34,60
"725",25,7,"UP","0725GP001",NA,NA,"","",25,7,"UP","0725GP001","","",25,7,1,6,15,"AM",1,0,0,0,"0","","NORTH PLATTE","288.92",31,56
"726",25,7,"CSX","000226308",NA,NA,"","",25,7,"CSX","000226308","","638204C",25,7,30,1,35,"AM",7,0,0,0,"0","","DOUGLAS","0628.3",13,90
"727",25,7,"NS","160721",NA,NA,"","",25,7,"NS","160721","","",25,7,21,12,8,"PM",1,0,0,0,"0","","JENNINGS","S007.2",29,95
"728",25,7,"BNSF","NW0725111",NA,NA,"","",25,7,"BNSF","NW0725111","","",25,7,26,3,37,"PM",12,0,0,0,"0","","PASCO","142.8",53,98
"729",25,7,"DGNO","DGN262425D",NA,NA,"","",25,7,"DGNO","DGN262425D","","",25,7,24,9,55,"PM",1,0,0,0,"0","","ANNA","309.35",48,82
"730",25,7,"NS","160797",NA,NA,"","",25,7,"NS","160797","","472496M",25,7,29,8,30,"AM",7,0,0,0,"0","","LEIPSIC","B309.4",39,85
"731",25,7,"WE","250064",NA,NA,"","",25,7,"XSHY","INDUSTRY","","",25,7,7,12,30,"PM",1,0,0,0,"0","","CAREY","48.5",39,80
"732",25,7,"BNSF","RD0725102",NA,NA,"","",25,7,"BNSF","RD0725102","","",25,7,4,7,11,"AM",1,0,0,0,"0","","TULSA","426.3",40,81
"733",25,7,"UP","0725GP012",NA,NA,"","",25,7,"UP","0725GP012","","",25,7,10,5,27,"AM",1,0,0,0,"0","","NORTH PLATTE","288.52",31,68
"734",25,7,"BNSF","RD0725128",NA,NA,"","",25,7,"BNSF","RD0725128","","",25,7,30,6,16,"AM",1,0,0,0,"0","","TEMPLE","218.8",48,79
"735",25,7,"NS","160727",25,7,"FGLK","07212025",25,7,"NS","160727","","",25,7,21,4,0,"PM",13,0,0,0,"0","","GENEVA","GL014.",36,75
"736",25,7,"UP","0725TO035",NA,NA,"","",25,7,"XHWD","INDUSTRY","","",25,7,29,11,20,"AM",1,0,0,0,"0","","ROANOKE","736.05",48,92
"737",25,7,"UP","0725MA018",NA,NA,"","",25,7,"UP","0725MA018","","",25,7,17,3,52,"PM",1,56,3,0,"0","","LONGVIEW","89.61",48,96
"738",25,7,"UP","0725HO026",NA,NA,"","",25,7,"UP","0725HO026","","",25,7,20,6,1,"PM",12,0,0,0,"0","","PASADENA","3.0",48,89
"739",25,7,"CSX","000225836",NA,NA,"","",25,7,"CSX","000225836","","",25,7,6,5,0,"PM",13,0,0,0,"0","","SCARBOROUGH","0018.0",23,90
"740",25,7,"TNER","TNE252825D",NA,NA,"","",25,7,"TNER","TNE252825D","","",25,7,11,3,0,"PM",1,0,0,0,"0","","DENISON","660.4",48,96
"741",25,7,"UP","0725GL017",NA,NA,"","",25,7,"UP","0725GL017","","",25,7,15,2,15,"PM",1,0,0,0,"0","","BREWSTER","172.25",27,87
"742",25,7,"CSX","000225838",NA,NA,"","",25,7,"CSX","000225838","","",25,7,7,1,35,"AM",1,0,0,0,"0","","MOBILE","0664.1",1,74
"743",25,7,"NS","160541",NA,NA,"","",25,7,"NS","160541","","727761J",25,7,2,9,45,"AM",7,0,0,0,"0","","MOUNT VERNON","113.02",1,85
"744",25,7,"MBTA","2593",NA,NA,"","",25,7,"MBTA","2593","","536814C",25,7,15,1,30,"PM",7,0,0,0,"0","","HINGHAM","18.27",25,89
"745",25,7,"CSX","000225858",NA,NA,"","",25,7,"CSX","000225858","","",25,7,6,3,11,"PM",1,0,0,0,"0","","MONTGOMERY","0489.0",1,91
"746",25,7,"CSX","000226299",NA,NA,"","",25,7,"CSX","000226299","","",25,7,29,8,50,"PM",12,0,0,0,"0","","BIRMINGHAM","0389.0",1,80
"747",25,7,"CSX","000226299",NA,NA,"","",25,7,"CSX","000226299","","",25,7,29,8,50,"PM",12,0,0,0,"0","","BIRMINGHAM","0389.0",1,80
"748",25,7,"UP","0725MA022",NA,NA,"","",25,7,"UP","0725MA022","","",25,7,20,7,46,"PM",1,29,0,0,"0","","STEPHENS","357",5,94
"749",25,7,"CPKC","1002423017",NA,NA,"","",25,7,"CPKC","1002423017","","",25,7,24,6,15,"PM",1,51,12,0,"0","","WATKINS","68.2",27,85
"750",25,7,"UP","0725MA034",NA,NA,"","",25,7,"UP","0725MA034","","",25,7,28,3,40,"AM",12,0,0,0,"0","","NORTH LITTLE ROCK","341.3",5,78
"751",25,7,"BNSF","RD0725103",NA,NA,"","",25,7,"UP","0725GC003","","",25,7,6,2,20,"PM",1,0,0,0,"0","","IOWA","209",22,90
"752",25,7,"UP","0725ES057",NA,NA,"","",25,7,"UP","0725ES057","","",25,7,30,1,8,"PM",9,0,0,0,"0","","FORDOCHE","123.31",22,89
"753",25,7,"UP","0725PR017",NA,NA,"","",25,7,"UP","0725PR017","","",25,7,31,9,40,"PM",1,0,0,0,"0","","SOUTH HOLLAND","19.01",17,66
"754",25,7,"ATK","187871",25,7,"NJTR","202510620",25,7,"ATK","187871","","",25,7,28,5,30,"PM",13,0,0,0,"0","","AVENEL","0021.0",34,93
"755",25,7,"MNCW","85738",NA,NA,"","",25,7,"MNCW","85738","","",25,7,1,5,1,"PM",13,0,0,0,"0","","DARIEN","38.1",9,86
"756",25,7,"BNSF","MT0725102",NA,NA,"","",25,7,"BNSF","MT0725102","","",25,7,13,5,0,"PM",1,0,0,0,"0","","SHELBY","99.1",30,88
"757",25,7,"UP","0725GC008",NA,NA,"","",25,7,"UP","0725GC008","","",25,7,16,5,45,"PM",1,0,0,0,"0","","BEAUMONT","282.25",48,89
"758",25,7,"UP","0725GC008",NA,NA,"","",25,7,"UP","0725GC008","","",25,7,16,5,45,"PM",1,0,0,0,"0","","BEAUMONT","282.25",48,89
"759",25,7,"UP","0725MA034",NA,NA,"","",25,7,"UP","0725MA034","","",25,7,28,3,40,"AM",12,0,0,0,"0","","NORTH LITTLE ROCK","341.3",5,78
"760",25,7,"BNSF","NW0725107",NA,NA,"","",25,7,"POVZ","INDUSTRY","","",25,7,21,9,20,"AM",1,0,0,0,"0","","VANCOUVER","134.0",53,74
"761",25,7,"WIRS","250719001",NA,NA,"","",25,7,"WIRS","250719001","","",25,7,19,6,10,"PM",1,6,4,0,"0","","FREEPORT","0",48,90
"762",25,7,"BNSF","CH0725108",NA,NA,"","",25,7,"BNSF","CH0725108","","",25,7,18,10,14,"PM",13,0,0,0,"0","","EOLA","34.6",17,80
"763",25,7,"NS","160709",NA,NA,"","",25,7,"NS","160709","","",25,7,18,5,49,"PM",1,0,0,0,"0","","BROWNS","139.90",17,92
"764",25,7,"NS","160709",NA,NA,"","",25,7,"NS","160709","","",25,7,18,5,49,"PM",1,13,10,3,"35","","BROWNS","139.90",17,92
"765",25,7,"BNSF","NW0725111",NA,NA,"","",25,7,"BNSF","NW0725111","","",25,7,26,3,37,"PM",12,0,0,0,"0","","PASCO","142.8",53,98
"766",25,7,"ATK","187795",NA,NA,"","",25,7,"ATK","187795","","",25,7,25,1,30,"AM",5,0,0,0,"0","","OAKLAND","0000.0",6,51
"767",25,7,"UP","0725MA001",NA,NA,"","",25,7,"UP","0725MA001","","",25,7,1,5,16,"AM",12,2,2,0,"0","","PINE BLUFF","263.97",5,79
"768",25,7,"SFRV","07212025",NA,NA,"","",25,7,"SFRV","07212025","","628177F",25,7,21,6,50,"PM",7,0,0,0,"0","","FORT LAUDERDALE","1004.3",12,87
"769",25,7,"FEC","X33070325",25,7,"BLF","20251035",25,7,"FEC","X33070325","","272472W",25,7,3,1,53,"PM",7,0,0,0,"0","","LANTANA","308.41",12,90
"770",25,7,"LSRC","D250717",NA,NA,"","",25,7,"LSRC","D250717","","",25,7,17,9,40,"AM",1,2,0,0,"0","","BAY CITY","14.9",26,68
"771",25,7,"CRSH","147043",NA,NA,"","",25,7,"CRSH","147043","","",25,7,23,8,40,"AM",1,0,0,0,"0","","RIVER ROUGE","001.00",26,76
"772",25,7,"ELS","25003",NA,NA,"","",25,7,"ELS","25003","","",25,7,25,1,30,"PM",1,1,0,0,"0","","IRON MOUNTAIN","299.3",26,85
"773",25,7,"LIRC","LIRC0093F",25,7,"CSX","000225827",25,7,"LIRC","LIRC0093F","","",25,7,5,6,21,"AM",1,0,0,0,"0","","LOUISVILLE","110.2",21,83
"774",25,7,"UP","0725MA031",NA,NA,"","",25,7,"UP","0725MA031","","",25,7,25,10,0,"AM",1,0,0,0,"0","","EVANSVILLE","73.9",17,88
"775",25,7,"MCRL","MC250703A",25,7,"KRSM","REQUESTED",25,7,"MCRL","MC250703A","","",25,7,3,11,38,"PM",13,0,0,0,"0","","WAREHAM","48.21",25,65
"776",25,7,"BNSF","HL0725101",NA,NA,"","",25,7,"XWFA","INDUSTRY","","",25,7,5,3,20,"AM",1,0,0,0,"0","","SIKESTON","165.0",29,70
"777",25,7,"UP","0725MA001",NA,NA,"","",25,7,"UP","0725MA001","","",25,7,1,5,16,"AM",12,0,0,0,"0","","PINE BLUFF","263.97",5,79
"778",25,7,"YVRR","YVRR0001F",NA,NA,"","",25,7,"YVRR","YVRR0001F","","NOTASGN",25,7,18,2,47,"PM",1,0,0,0,"0","","RURAL HALL","38.4",37,87
"779",25,7,"ATK","187547",NA,NA,"","",25,7,"NS","161027","","",25,7,9,9,54,"PM",9,0,0,0,"0","","SALISBURY","0296.3",37,71
"780",25,7,"NS","161027",25,7,"ATK","187547",25,7,"NS","161027","","",25,7,9,9,54,"PM",9,0,0,0,"0","","SALISBURY","296.30",37,76
"781",25,7,"CSX","000226204",NA,NA,"","",25,7,"CSX","000226204","","",25,7,22,8,15,"AM",1,0,0,0,"0","","HAMLET","0249.0",37,82
"782",25,7,"WSS","I2662",NA,NA,"","",25,7,"WSS","I2662","","",25,7,2,6,52,"PM",9,27,0,0,"0","","ANSONVILLE","76.5",37,83
"783",25,7,"NS","160637",NA,NA,"","",25,7,"NS","160637","","522564B",25,7,11,4,30,"PM",7,2,0,0,"0","","SOUTH BEND","CD439.",18,90
"784",25,7,"BNSF","KS0725103",NA,NA,"","",25,7,"XADG","INDUSTRY","","",25,7,5,6,10,"AM",1,0,0,0,"0","","HEREFORD","597.2",48,72
"785",25,7,"BNSF","SW0725114",NA,NA,"","",25,7,"BNSF","SW0725114","","",25,7,29,2,30,"AM",1,0,0,0,"0","","EL PASO","1155.6",48,69
"786",25,7,"BNSF","RD0725120",NA,NA,"","",25,7,"BNSF","RD0725120","","",25,7,18,1,52,"AM",1,0,0,0,"0","","FORT WORTH","6.5",48,86
"787",25,7,"BNSF","RD0725114",NA,NA,"","",25,7,"BNSF","RD0725114","","",25,7,13,3,59,"PM",12,0,0,0,"0","","JUSTIN","363.2",48,89
"788",25,7,"CSX","000225972",NA,NA,"","",25,7,"CSX","000225972","","",25,7,13,2,1,"AM",1,0,0,0,"0","","WAYCROSS","0587.0",13,78
"789",25,7,"UP","0725RM010",NA,NA,"","",25,7,"UP","0725RM010","","",25,7,13,2,58,"PM",1,19,1,0,"0","","WAMSUTTER","715.4",56,83
"790",25,7,"GC","GCR246425D",NA,NA,"","",25,7,"GC","GCR246425D","","",25,7,6,5,0,"PM",1,0,0,0,"0","","VIDALIA","84.8",13,92
"791",25,7,"GSWR","GSW255225D",NA,NA,"","",25,7,"GSWR","GSW255225D","","",25,7,15,9,10,"AM",1,4,0,0,"0","","SMITHVILLE","0",13,90
"792",25,7,"CSX","000225922",NA,NA,"","",25,7,"CSX","000225922","","050374S",25,7,9,2,24,"PM",7,0,0,0,"0","","ATLANTA","0015.8",13,95
"793",25,7,"CSX","000225827",NA,NA,"","",25,7,"LIRC","LIRC0093F","","",25,7,5,6,21,"AM",1,0,0,0,"0","","LOUISVILLE","0109.3",21,83
"794",25,7,"KYLE","KYL514025",NA,NA,"","",25,7,"KYLE","KYL514025","","",25,7,31,12,1,"PM",1,0,0,0,"0","","COURTLAND","204.5",20,74
"795",25,7,"BNSF","KS0725115",NA,NA,"","",25,7,"BNSF","KS0725115","","",25,7,22,6,56,"AM",1,21,2,0,"0","","KANSAS CITY","6.4",20,75
"796",25,7,"BNSF","KS0725115",NA,NA,"","",25,7,"BNSF","KS0725115","","",25,7,22,6,56,"AM",1,0,0,0,"0","","KANSAS CITY","6.4",20,75
"797",25,7,"BNSF","KS0725117",NA,NA,"","",25,7,"BNSF","KS0725117","","",25,7,25,6,27,"AM",1,0,0,0,"0","","KANSAS CITY","5.6",20,73
"798",25,7,"ATK","187777",NA,NA,"","",25,7,"ATK","187777","","",25,7,22,11,15,"AM",13,0,0,0,"0","","BALTIMORE","0071.6",24,85
"799",25,7,"ATK","187864",NA,NA,"","",25,7,"ATK","187864","","",25,7,27,5,35,"PM",13,0,0,0,"0","","NEW CARROLLTON","0127.1",24,90
"800",25,7,"UP","0725LA014",NA,NA,"","",25,7,"UP","0725LA014","","",25,7,11,3,11,"AM",1,0,0,0,"0","","CALIENTE","338.5",6,73
"801",25,7,"UP","0725NC015",NA,NA,"","",25,7,"UP","0725NC015","","",25,7,14,11,0,"AM",9,0,0,0,"0","","LATHROP","86.0",6,85
"802",25,7,"UP","0725NC013",NA,NA,"","",25,7,"UP","0725NC013","","",25,7,12,7,5,"AM",1,0,0,0,"0","","STOCKTON","85.1",6,67
"803",25,7,"UP","0725NC001",NA,NA,"","",25,7,"UP","0725NC001","","",25,7,2,3,0,"PM",1,0,0,0,"0","","OROVILLE","219.9",6,93
"804",25,7,"BNSF","CA0725111",NA,NA,"","",25,7,"BNSF","CA0725111","","",25,7,20,2,39,"AM",1,0,0,0,"0","","BARSTOW","1.5",6,72
"805",25,7,"FMRC","F07172025",NA,NA,"","",25,7,"FMRC","F07172025","","018198P",25,7,17,11,0,"PM",1,0,0,0,"0","","LONE WOLF","442.3",40,85
"806",25,7,"UP","0725LA042",NA,NA,"","",25,7,"UP","0725LA042","","",25,7,25,7,50,"PM",9,0,0,0,"0","","BLOOMINGTON","537.11",6,82
"807",25,7,"CNRW","1726969",NA,NA,"","",25,7,"CNRW","1726969","","",25,7,5,2,27,"PM",1,34,8,1,"120","","GLENDORA","97.2",28,91
"808",25,7,"CNRW","1727131",NA,NA,"","",25,7,"GRYR","01","","",25,7,6,4,40,"PM",1,8,8,1,"200","","SARDIS","402.89",28,92
"809",25,7,"BNSF","RD0725106",NA,NA,"","",25,7,"BNSF","RD0725106","","",25,7,7,10,45,"PM",1,0,0,0,"0","","TULSA","426.0",40,80
"810",25,7,"EIRR","250729005",25,7,"UP","0725RM026",25,7,"EIRR","250729005","","",25,7,29,6,35,"AM",1,0,0,0,"0","","IDAHO FALLS","185",16,55
"811",25,7,"UP","0725RM026",NA,NA,"","",25,7,"EIRR","250729005","","",25,7,29,6,35,"AM",1,0,0,0,"0","","IDAHO FALLS","185",16,55
"812",25,7,"ATK","187403",NA,NA,"","",25,7,"ATK","187403","","",25,7,6,11,30,"AM",13,0,0,0,"0","","PROVIDENCE","0000.0",44,85
"813",25,7,"UP","0725GL001",NA,NA,"","",25,7,"UP","0725GL001","","",25,7,1,7,41,"PM",1,0,0,0,"0","","DES MOINES","355.34",19,86
"814",25,7,"BRC","14928",NA,NA,"","",25,7,"BRC","14928","","",25,7,30,7,8,"PM",12,0,0,0,"0","","BEDFORD PARK","9",17,72
"815",25,7,"BNSF","HL0725117",NA,NA,"","",25,7,"BNSF","HL0725117","","",25,7,29,3,22,"PM",1,0,0,0,"0","","BYHALIA","512.2",28,96
"816",25,7,"NS","160581",NA,NA,"","",25,7,"NS","160581","","",25,7,5,3,45,"PM",1,10,0,0,"0","","PETAL","NO082.",28,94
"817",25,7,"NS","160792",NA,NA,"","",25,7,"NS","160792","","",25,7,29,3,45,"PM",1,0,0,0,"0","","GARDEN CITY","SA003.",13,100
"818",25,7,"NJTR","202510620",NA,NA,"","",25,7,"ATK","187871","","",25,7,28,5,30,"PM",13,0,0,0,"0","","Metuchen","21",34,80
"819",25,7,"ATK","188325",25,7,"SEPA","Z1432",25,7,"ATK","188325","","",25,7,22,10,53,"PM",11,0,0,0,"0","","PAOLI","0019.9",42,73
"820",25,7,"BNSF","CA0725107",NA,NA,"","",25,7,"BNSF","CA0725107","","",25,7,10,4,48,"PM",1,16,0,0,"0","","BAKERSFIELD","889.1",6,88
"821",25,7,"ATK","187430",25,7,"NJTR","202507428",25,7,"ATK","187430","","",25,7,3,10,5,"AM",13,0,0,0,"0","","METUCHEN","0026.0",34,90
"822",25,7,"NJTR","202507428",NA,NA,"","",25,7,"ATK","187430","","",25,7,3,10,5,"AM",13,0,0,0,"0","","Iselin","26",34,90
"823",25,7,"NCRC","NCRC0049F",NA,NA,"","",25,7,"NCRC","OP070525NC","","",25,7,5,12,30,"PM",1,0,0,0,"0","","NORFOLK","53.5",31,90
"824",25,7,"CSX","000225886",NA,NA,"","",25,7,"WTNN","325","","",25,7,8,11,30,"AM",1,0,0,0,"0","","MILAN","0448.4",47,90
"825",25,7,"BNSF","HL0725104",NA,NA,"","",25,7,"BNSF","HL0725104","","",25,7,9,4,38,"PM",1,0,0,0,"0","","LINCOLN","2.4",31,98
"826",25,7,"BNSF","PR0725104",NA,NA,"","",25,7,"BNSF","PR0725104","","",25,7,8,6,5,"PM",1,0,0,0,"0","","HARDIN","793.8",30,92
"827",25,7,"UP","0725LA043",NA,NA,"","",25,7,"UP","0725LA043","","",25,7,26,7,25,"AM",1,0,0,0,"0","","YERMO","163.83",6,71
"828",25,7,"BLF","20251035",NA,NA,"","",25,7,"FEC","X33070325","","272472W",25,7,3,1,53,"PM",7,0,0,0,"0","","LANTANA","308.41",12,90
"829",25,7,"ATK","187596",NA,NA,"","",25,7,"UP","0725GP019","","253303H",25,7,14,10,24,"AM",7,0,0,0,"0","","PINECLIFFE","0038.6",8,77
"830",25,7,"NS","160739",NA,NA,"","",25,7,"NS","160739","","",25,7,24,4,0,"AM",12,0,0,0,"0","","ELKHART","CD422.",18,68
"831",25,7,"RBMN","R07032502",NA,NA,"","",25,7,"RBMN","R07032502","","",25,7,3,4,30,"PM",1,9,0,0,"0","","GOOD SPRING","17.9",42,92
"832",25,7,"CSX","000225884",NA,NA,"","",25,7,"CSX","000225884","","",25,7,8,7,20,"PM",1,0,0,0,"0","","GREENCASTLE","0037.0",18,88
"833",25,7,"BNSF","TC0725113",NA,NA,"","",25,7,"BNSF","TC0725113","","",25,7,29,4,0,"AM",1,0,0,0,"0","","MORRIS","154.2",27,66
"834",25,7,"MNCW","85739",NA,NA,"","",25,7,"MNCW","85739","","",25,7,2,4,26,"AM",12,0,0,0,"0","","MAMARONECK","21.2",36,74
"835",25,7,"MNCW","85739",NA,NA,"","",25,7,"MNCW","85739","","",25,7,2,4,26,"AM",12,0,0,0,"0","","MAMARONECK","21.2",36,74
"836",25,7,"CSX","000225831",NA,NA,"","",25,7,"CSX","000225831","","",25,7,6,3,35,"PM",4,0,0,0,"0","","ALBANY","0015.0",36,90
"837",25,7,"CNRW","1727168",NA,NA,"","",25,7,"CNRW","1727168","","",25,7,7,11,23,"PM",1,2,1,0,"0","","JOLIET","0.8",17,85
"838",25,7,"CSX","000225831",NA,NA,"","",25,7,"CSX","000225831","","",25,7,6,3,35,"PM",4,0,0,0,"0","","ALBANY","0015.0",36,90
"839",25,7,"LI","85957",NA,NA,"","",25,7,"LI","85957","","",25,7,30,8,30,"PM",12,0,0,0,"0","","HOLLIS","11",36,86
"840",25,7,"LI","85957",NA,NA,"","",25,7,"LI","85957","","",25,7,30,8,30,"PM",12,0,0,0,"0","","HOLLIS","11",36,86
"841",25,7,"BNSF","HL0725115",NA,NA,"","",25,7,"BNSF","HL0725115","","",25,7,26,6,10,"PM",1,0,0,0,"0","","MEMPHIS","494.4",47,90
"842",25,7,"CSX","000225976",NA,NA,"","",25,7,"CSX","000225976","","",25,7,12,9,22,"AM",1,42,2,0,"0","","NIAGARA FALLS","0025.0",36,78
"843",25,7,"ATK","187558",NA,NA,"","",25,7,"ATK","187558","","",25,7,12,2,0,"AM",13,0,0,0,"0","","PHILADELPHIA","0001.6",42,70
"844",25,7,"WTNN","325",25,7,"CSX","000225886",25,7,"WTNN","325","","",25,7,8,11,10,"AM",1,0,0,0,"0","","MILAN","448.44",47,95
"845",25,7,"NS","160661",NA,NA,"","",25,7,"NS","160661","","",25,7,14,11,36,"PM",1,1,1,0,"0","","CHATTANOOGA","334.00",47,85
"846",25,7,"LI","85797",NA,NA,"","",25,7,"LI","85797","","338148U",25,7,8,9,48,"AM",7,0,0,0,"0","","HICKSVILLE","26",36,90
"847",25,7,"BPRR","BPR264325D",NA,NA,"","",25,7,"BPRR","BPR264325D","","",25,7,29,1,30,"PM",1,47,3,0,"0","","BROCKWAY","192.2",42,88
"848",25,7,"BNSF","HL0725115",NA,NA,"","",25,7,"BNSF","HL0725115","","",25,7,26,6,10,"PM",1,0,0,0,"0","","MEMPHIS","494.4",47,90
"849",25,7,"NS","160661",NA,NA,"","",25,7,"NS","160661","","",25,7,14,11,36,"PM",1,1,0,0,"0","","CHATTANOOGA","334.00",47,85
"850",25,7,"ALS","0725AS012",NA,NA,"","",25,7,"ALS","0725AS012","","",25,7,26,2,45,"AM",1,4,0,0,"0","","EAST ST LOUIS","3.53",17,79
"851",25,7,"HMCR","00001",NA,NA,"","",25,7,"HMCR","00001","","",25,7,22,10,30,"AM",1,1,0,0,"0","","HUNTSVILLE","58.9",1,90
"852",25,7,"SEPA","Z1432",NA,NA,"","",25,7,"ATK","188325","","",25,7,22,10,53,"PM",11,0,0,0,"0","","PAOLI","19.9",42,73
"853",25,7,"SEPA","SEPA071825",NA,NA,"","",25,7,"SEPA","SEPA071825","","",25,7,18,6,30,"AM",9,0,0,0,"185","","PHILADELPHIA","6.1",42,79
"854",25,7,"NS","160571",NA,NA,"","",25,7,"NS","160571","","",25,7,3,4,20,"PM",1,0,0,0,"0","","WEST FAIRVIEW","EP070.",42,90
"855",25,7,"NS","160725",NA,NA,"","",25,7,"NS","160725","","592413C",25,7,22,11,5,"AM",7,3,0,0,"0","","ALLENTOWN","RV033.",42,82
"856",25,7,"BNSF","HL0725105",NA,NA,"","",25,7,"BNSF","HL0725105","","",25,7,9,11,3,"PM",1,0,0,0,"0","","PLATTSMOUTH","8.8",31,76
"857",25,7,"UP","0725MA010",NA,NA,"","",25,7,"UP","0725MA010","","",25,7,14,4,15,"AM",1,0,0,0,"0","","NORTH LITTLE ROCK","342.23",5,71
"858",25,7,"UP","0725MA010",NA,NA,"","",25,7,"UP","0725MA010","","",25,7,14,4,15,"AM",1,0,0,0,"0","","NORTH LITTLE ROCK","342.23",5,71
"859",25,7,"CSX","000226094",NA,NA,"","",25,7,"CSX","000226094","","",25,7,10,4,0,"PM",1,0,0,0,"0","","ERWIN","0134.1",47,90
"860",25,7,"NS","160540",NA,NA,"","",25,7,"NS","160540","","",25,7,2,5,5,"AM",1,0,0,0,"0","","MASCOT","123.00",47,75
"861",25,7,"UP","0725MA023",NA,NA,"","",25,7,"UP","0725MA023","","",25,7,10,6,13,"PM",12,1,1,0,"0","","PINE BLUFF","264.0",5,77
"862",25,7,"NS","160602",NA,NA,"","",25,7,"NS","160602","","",25,7,7,6,50,"AM",1,0,0,0,"0","","DECATUR","IT043.",17,79
"863",25,7,"CSX","000226403",NA,NA,"","",25,7,"CSX","000226403","","",25,7,24,1,10,"AM",9,0,0,0,"0","","ATLANTA","0575.0",13,72
"864",25,7,"UP","0725GP019",25,7,"ATK","187596",25,7,"UP","0725GP019","","253303H",25,7,14,10,24,"AM",7,0,0,0,"0","","BLACK HAWK","38.58",8,80
"865",25,7,"ATK","187434",NA,NA,"","",25,7,"ATK","187434","","",25,7,3,4,59,"PM",9,0,0,0,"0","","STAATSBURG","0083.1",36,86
"866",25,7,"GRYR","01",25,7,"CNRW","1727131",25,7,"GRYR","01","","",25,7,6,1,15,"PM",1,0,0,0,"0","","SARDIS","441.4",28,91
"867",25,6,"ATK","187246",NA,NA,"","",25,6,"ATK","187246","","",25,6,27,3,25,"PM",1,0,0,0,"0","","WILMINGTON","0000.0",10,70
"868",25,6,"CNRW","1726175",NA,NA,"","",25,6,"CNRW","1726175","","",25,6,11,1,0,"PM",12,0,0,0,"0","","GARY","46.6",18,90
"869",25,6,"NS","160360",NA,NA,"","",25,6,"NS","160360","","",25,6,13,4,0,"PM",9,0,0,0,"0","","PORTER","CD482.",18,75
"870",25,6,"CSX","000225500",NA,NA,"","",25,6,"CSX","000225500","","",25,6,18,5,45,"AM",1,0,0,0,"0","","PHILADELPHIA","0005.0",42,69
"871",25,6,"SEPA","SEPA061025",NA,NA,"","",25,6,"SEPA","SEPA061025","","",25,6,10,10,58,"AM",12,0,0,0,"0","","PHILADELPHIA","0.8",42,67
"872",25,6,"SEPA","SEPA062325",NA,NA,"","",25,6,"SEPA","SEPA062325","","",25,6,23,7,47,"PM",1,0,0,0,"0","","PHILADELPHIA","5.4",42,96
"873",25,6,"AZER","AZE226025D",NA,NA,"","",25,6,"AZER","AZE226025D","","",25,6,12,11,40,"AM",1,0,0,0,"0","","DUNCAN","1191.0",4,106
"874",25,6,"NS","160440",NA,NA,"","",25,6,"NS","160440","","",25,6,22,3,15,"AM",4,13,0,0,"0","","CINCINNATI","1",39,75
"875",25,6,"NS","160440",NA,NA,"","",25,6,"NS","160440","","",25,6,22,3,15,"AM",4,0,0,0,"0","","CINCINNATI","CT001.",39,75
"876",25,6,"NS","160440",NA,NA,"","",25,6,"NS","160440","","",25,6,22,3,15,"AM",4,0,0,0,"0","","CINCINNATI","CT001.",39,75
"877",25,6,"IORY","IOR237025D",NA,NA,"","",25,6,"IORY","IOR237025D","","",25,6,23,2,30,"PM",1,0,0,0,"0","","SUGAR GROVE","38.1",39,94
"878",25,6,"WE","250053",NA,NA,"","",25,6,"WE","250053","","",25,6,19,11,0,"PM",1,0,0,0,"0","","CANTON","63.3",39,70
"879",25,6,"NS","160486",NA,NA,"","",25,6,"NS","160486","","",25,6,25,2,35,"PM",13,0,0,0,"0","","PORTSMOUTH","N605.5",39,98
"880",25,6,"CSX","000225326",NA,NA,"","",25,6,"CSX","000225326","","",25,6,5,10,55,"PM",1,27,0,0,"0","","HAMILTON","0025.1",39,65
"881",25,6,"MNCW","85637",NA,NA,"","",25,6,"MNCW","85637","","",25,6,20,11,20,"AM",12,0,0,0,"0","","NEW ROCHELLE","16.7",36,72
"882",25,6,"ATK","186745",NA,NA,"","",25,6,"ATK","186745","","",25,6,2,3,20,"PM",13,0,0,0,"0","","SUNNYSIDE","0003.0",36,72
"883",25,6,"ATK","187116",NA,NA,"","",25,6,"ATK","187116","","",25,6,20,5,0,"PM",1,0,0,0,"0","","NEW YORK","0000.0",36,75
"884",25,6,"MNCW","85637",NA,NA,"","",25,6,"MNCW","85637","","",25,6,20,11,20,"AM",12,0,0,0,"0","","NEW ROCHELLE","16.7",36,72
"885",25,6,"UP","0625GP012",NA,NA,"","",25,6,"UP","0625GP012","","",25,6,6,1,30,"PM",1,0,0,0,"0","","MANVILLE","246.35",56,69
"886",25,6,"KNWA","250626002",NA,NA,"","",25,6,"KNWA","250626002","","517122L",25,6,26,9,5,"AM",7,0,0,0,"0","","NITRO","168.8",54,85
"887",25,6,"BNSF","MT0625107",NA,NA,"","",25,6,"BNSF","MT0625107","","",25,6,16,4,45,"PM",1,0,0,0,"0","","FORSYTH","117.4",30,80
"888",25,6,"BNSF","KS0625117",NA,NA,"","",25,6,"BNSF","KS0625117","","",25,6,30,3,43,"PM",1,0,0,0,"0","","EMPORIA","112.7",20,80
"889",25,6,"CW","11062025",NA,NA,"","",25,6,"CW","11062025","","",25,6,12,4,40,"PM",1,0,0,0,"0","","PUEBLO","",8,60
"890",25,6,"LSRC","D250614",NA,NA,"","",25,6,"LSRC","D250614","","",25,6,14,3,25,"PM",1,1,1,0,"0","","BAY CITY","1",26,74
"891",25,6,"MBTA","2577",NA,NA,"","",25,6,"MBTA","2577","","",25,6,17,5,27,"AM",13,0,0,0,"0","","ACTON","24.5",25,60
"892",25,6,"NCRC","NCRC0048F",NA,NA,"","",25,6,"NCRC","OP0613NCRC","","",25,6,13,3,0,"PM",1,0,0,0,"0","","PLATTE CENTER","15.0",31,93
"893",25,6,"UP","0625GP033",NA,NA,"","",25,6,"UP","0625GP033","","",25,6,24,5,30,"AM",9,0,0,0,"0","","NORTH PLATTE","287.01",31,63
"894",25,6,"BLF","20250947",NA,NA,"","",25,6,"FEC","X28061725","","272533K",25,6,17,3,53,"PM",7,0,0,0,"0","","POMPANO BEACH","333.14",12,87
"895",25,6,"CSX","000225295",NA,NA,"","",25,6,"CSX","000225295","","",25,6,3,7,30,"PM",1,10,0,0,"0","","PENSACOLA","0649.0",12,81
"896",25,6,"NS","160249",NA,NA,"","",25,6,"NS","160249","","732096N",25,6,4,10,22,"AM",7,2,0,0,"0","","MOSCOW","512.64",47,86
"897",25,6,"BNSF","HL0625111",NA,NA,"","",25,6,"BNSF","HL0625111","","",25,6,23,12,41,"AM",1,0,0,0,"0","","SEDGWICK","405.1",5,77
"898",25,6,"UP","0625ES063",NA,NA,"","",25,6,"UP","0625ES063","","",25,6,19,3,30,"PM",1,0,0,0,"0","","MISSOURI VALLEY","331.17",19,89
"899",25,6,"NS","160359",NA,NA,"","",25,6,"NS","160359","","",25,6,13,8,5,"AM",1,99,13,0,"0","","BEAR","WO013.",10,78
"900",25,6,"FEC","X27061525",25,6,"BLF","20250931",25,6,"FEC","X27061525","","272470H",25,6,15,2,52,"PM",7,0,0,0,"0","","LANTANA","308.15",12,90
"901",25,6,"FEC","X28061725",25,6,"BLF","20250947",25,6,"FEC","X28061725","","272533K",25,6,17,3,53,"PM",7,0,0,0,"0","","POMPANO BEACH","333.14",12,87
"902",25,6,"FEC","D29062325",NA,NA,"","",25,6,"FEC","D29062325","","",25,6,23,8,40,"AM",1,0,0,0,"0","","POMPANO BEACH","333.5",12,87
"903",25,6,"FEC","D30062425",NA,NA,"","",25,6,"FEC","D30062425","","",25,6,24,4,40,"AM",13,0,0,0,"0","","JACKSONVILLE","6.5",12,75
"904",25,6,"FEC","D31062925",NA,NA,"","",25,6,"FEC","D31062925","","272485X",25,6,29,11,40,"AM",12,0,0,0,"0","","BOYNTON BEACH","313.67",12,90
"905",25,6,"FEC","D31062925",NA,NA,"","",25,6,"FEC","D31062925","","272485X",25,6,29,11,40,"AM",12,0,0,0,"0","","BOYNTON BEACH","313.67",12,90
"906",25,6,"BNSF","HL0625104",NA,NA,"","",25,6,"BNSF","HL0625104","","",25,6,9,5,20,"PM",1,0,0,0,"0","","LINCOLN","1.9",31,76
"907",25,6,"BNSF","KS0625110",NA,NA,"","",25,6,"BNSF","KS0625110","","",25,6,23,8,9,"PM",1,0,0,0,"0","","KANSAS CITY","6.0",20,74
"908",25,6,"BNSF","NW0625110",NA,NA,"","",25,6,"BNSF","NW0625110","","",25,6,12,1,5,"PM",1,0,0,0,"0","","SPOKANE","67.8",53,85
"909",25,6,"UP","0625GL020",NA,NA,"","",25,6,"UP","0625GL020","","",25,6,18,4,38,"PM",1,0,0,0,"0","","EAGAN","10.95",27,82
"910",25,6,"PATH","PATH0848F",NA,NA,"","",25,6,"PATH","PATH0848F","","NOTASGN",25,6,11,11,45,"PM",12,0,0,0,"0","","HARRISON","0.0",34,75
"911",25,6,"CRSH","147015",NA,NA,"","",25,6,"CRSH","147015","","",25,6,3,2,1,"AM",12,0,0,0,"0","","CARTERET","1",34,60
"912",25,6,"CRSH","147015",NA,NA,"","",25,6,"CRSH","147015","","",25,6,3,2,1,"AM",12,0,0,0,"0","","CARTERET","1",34,60
"913",25,6,"BNSF","NW0625111",NA,NA,"","",25,6,"BNSF","NW0625111","","",25,6,12,5,45,"PM",1,0,0,0,"0","","PASCO","142.7",53,85
"914",25,6,"MNCW","85552",NA,NA,"","",25,6,"MNCW","85552","","",25,6,5,4,55,"PM",13,0,0,0,"0","","FAIRFIELD","49.2",9,85
"915",25,6,"BNSF","RD0625117",NA,NA,"","",25,6,"BNSF","RD0625117","","",25,6,14,5,5,"PM",12,0,0,0,"0","","JUSTIN","363.9",48,91
"916",25,6,"BNSF","RD0625117",NA,NA,"","",25,6,"BNSF","RD0625117","","",25,6,14,5,5,"PM",12,0,0,0,"0","","JUSTIN","363.9",48,91
"917",25,6,"UP","0625MA026",NA,NA,"","",25,6,"UP","0625MA026","","",25,6,19,2,42,"PM",1,8,0,0,"0","","MAUMELLE","357.5",5,91
"918",25,6,"BNSF","NW0625113",NA,NA,"","",25,6,"BNSF","NW0625113","","",25,6,14,12,26,"AM",1,0,0,0,"0","","SPOKANE","67.0",53,60
"919",25,6,"WE","250053",NA,NA,"","",25,6,"WE","250053","","",25,6,19,11,0,"PM",1,10,10,0,"0","","CANTON","63.3",39,70
"920",25,6,"BNSF","NW0625102",NA,NA,"","",25,6,"BNSF","NW0625102","","",25,6,2,8,11,"AM",1,32,0,0,"0","","EVERETT","36.8",53,65
"921",25,6,"UP","0625SX014",NA,NA,"","",25,6,"UP","0625SX014","","",25,6,23,4,45,"PM",1,0,0,0,"0","","SAN ANTONIO","206.6",48,96
"922",25,6,"MNCW","85552",NA,NA,"","",25,6,"MNCW","85552","","",25,6,5,4,55,"PM",13,0,0,0,"0","","FAIRFIELD","49.2",9,85
"923",25,6,"BLF","20250931",NA,NA,"","",25,6,"FEC","X27061525","","272470H",25,6,15,2,52,"PM",7,0,0,0,"0","","LANTANA","308.15",12,90
"924",25,6,"CSX","000225454",NA,NA,"","",25,6,"CSX","000225454","","",25,6,13,12,51,"PM",1,0,0,0,"0","","LAWTEY","0668.1",12,90
"925",25,6,"UP","0625HL039",NA,NA,"","",25,6,"ZPFD","INDUSTRY","","",25,6,26,4,45,"PM",1,25,10,2,"0","","RUSSELL","262.44",20,91
"926",25,6,"BNSF","TC0625106",NA,NA,"","",25,6,"BNSF","TC0625106","","",25,6,21,11,52,"AM",1,0,0,0,"0","","CASS LAKE","163.9",27,68
"927",25,6,"NAUG","NAUG202502",25,6,"NAUG","NAUG202502",25,6,"NAUG","NAUG202502","","",25,6,29,3,43,"PM",1,0,0,0,"0","","LITCHFIELD","16.4",9,86
"928",25,6,"NS","160244",NA,NA,"","",25,6,"NS","160244","","",25,6,3,6,45,"PM",4,0,0,0,"0","","ECKMAN","N388.2",54,75
"929",25,6,"HAL","HAL239525D",NA,NA,"","",25,6,"HAL","HAL239525D","","",25,6,24,3,0,"PM",1,5,0,0,"0","","ALBANY","308.75",13,95
"930",25,6,"CSX","000225424",NA,NA,"","",25,6,"CSX","000225424","","",25,6,11,7,40,"PM",12,0,0,0,"0","","WAYCROSS","0587.0",13,77
"931",25,6,"CSX","000225424",NA,NA,"","",25,6,"CSX","000225424","","",25,6,11,7,40,"PM",12,0,0,0,"0","","WAYCROSS","0587.0",13,77
"932",25,6,"CSX","000225503",NA,NA,"","",25,6,"ZPC","INDUSTRY","","",25,6,17,11,0,"PM",1,0,0,0,"0","","COVINGTON","0128.0",13,72
"933",25,6,"CSX","000225666",NA,NA,"","",25,6,"CSX","000225666","","",25,6,26,11,17,"AM",1,0,0,0,"0","","WAYCROSS","0587.0",13,95
"934",25,6,"BNSF","HL0625105",NA,NA,"","",25,6,"BNSF","HL0625105","","",25,6,10,8,0,"AM",1,0,0,0,"0","","MEMPHIS","496.2",47,80
"935",25,6,"UP","0625LA001",NA,NA,"","",25,6,"UP","0625LA001","","",25,6,1,5,0,"AM",1,0,0,0,"3","","LONG BEACH","18.02",6,64
"936",25,6,"UP","0625PN004",NA,NA,"","",25,6,"UP","0625PN004","","",25,6,7,4,30,"PM",1,0,0,0,"0","","ALTURAS","456",6,86
"937",25,6,"CSX","000225561",NA,NA,"","",25,6,"CSX","000225561","","",25,6,18,5,21,"PM",1,0,0,0,"0","","TALLADEGA","0907.0",1,81
"938",25,6,"ARZC","ARZ231625D",NA,NA,"","",25,6,"ARZC","ARZ231625D","","",25,6,16,12,20,"PM",1,19,1,0,"0","","BOUSE","69.4",4,108
"939",25,6,"SEPA","SEPA061025",NA,NA,"","",25,6,"SEPA","SEPA061025","","",25,6,10,10,58,"AM",12,0,0,0,"0","","PHILADELPHIA","0.8",42,67
"940",25,6,"UP","0625HL005",NA,NA,"","",25,6,"BNSF","CH0625101","","",25,6,3,5,57,"PM",13,16,0,0,"0","","MONTROSE","242.38",19,81
"941",25,6,"CSX","000225727",NA,NA,"","",25,6,"BRC","14908","","",25,6,27,2,5,"AM",1,11,0,0,"0","","CHICAGO","0009.0",17,75
"942",25,6,"NS","160232",NA,NA,"","",25,6,"NS","160232","","",25,6,2,7,10,"PM",12,0,0,0,"0","","DECATUR","D373.0",17,77
"943",25,6,"NS","160232",NA,NA,"","",25,6,"NS","160232","","",25,6,2,7,10,"PM",12,0,0,0,"0","","DECATUR","D373.0",17,77
"944",25,6,"PATH","PATH0842F",NA,NA,"","",25,6,"PATH","PATH0842F","","NOTASGN",25,6,3,5,16,"AM",5,0,0,0,"0","","NEW YORK NEW YORK","56",36,73
"945",25,6,"UP","0625LA001",NA,NA,"","",25,6,"UP","0625LA001","","",25,6,1,5,0,"AM",1,0,0,0,"3","","LONG BEACH","18.02",6,64
"946",25,6,"CSX","000225646",NA,NA,"","",25,6,"CSX","000225646","","",25,6,25,3,30,"AM",12,0,0,0,"0","","INDIANAPOLIS","0009.0",18,80
"947",25,6,"UP","0625LA001",NA,NA,"","",25,6,"UP","0625LA001","","",25,6,1,5,0,"AM",1,1,1,0,"3","","LONG BEACH","18.02",6,64
"948",25,6,"CSX","000225616",NA,NA,"","",25,6,"CSX","000225616","","",25,6,23,6,3,"PM",1,3,3,0,"0","","AVON","0009.0",18,90
"949",25,6,"CNRW","1726849",NA,NA,"","",25,6,"CNRW","1726849","","",25,6,26,10,0,"PM",1,0,0,0,"0","","GREEN BAY","1.4",55,64
"950",25,6,"WSOR","250630004",NA,NA,"","",25,6,"WSOR","250630004","","",25,6,30,9,10,"AM",1,3,1,0,"0","","HARTFORD","124.5",55,79
"951",25,6,"CSX","000225510",NA,NA,"","",25,6,"CSX","000225510","","",25,6,18,1,30,"PM",4,0,0,0,"0","","EAST SYRACUSE","0285.0",36,79
"952",25,6,"SCAX","062525",NA,NA,"","",25,6,"UP","0625LA040","","745894Y",25,6,25,2,12,"PM",7,0,0,0,"0","","MOORPARK","421.74",6,74
"953",25,6,"CSX","000225212",NA,NA,"","",25,6,"CSX","000225212","","",25,6,1,1,51,"PM",1,0,0,0,"0","","WILLARD","0204.0",39,64
"954",25,6,"CSX","000225750",NA,NA,"","",25,6,"CSX","000225750","","",25,6,11,6,43,"PM",11,0,0,0,"0","","MARION","0110.1",39,82
"955",25,6,"UP","0625GL008",NA,NA,"","",25,6,"UP","0625GL008","","",25,6,10,12,9,"PM",1,0,0,0,"0","","COUNCIL BLUFFS","0.9",19,77
"956",25,6,"NS","160245",NA,NA,"","",25,6,"NS","160245","","",25,6,4,1,45,"AM",13,0,0,0,"0","","TOLEDO","CD289.",39,70
"957",25,6,"CSX","000225510",NA,NA,"","",25,6,"CSX","000225510","","",25,6,18,1,30,"PM",4,0,0,0,"0","","EAST SYRACUSE","0285.0",36,79
"958",25,6,"NS","160501",NA,NA,"","",25,6,"NS","160501","","510983P",25,6,27,8,25,"AM",7,2,0,0,"0","","BLAWNOX","LC068.",42,75
"959",25,6,"BRC","14908",25,6,"CSX","000225727",25,6,"BRC","14908","","",25,6,27,2,5,"AM",1,0,0,0,"0","","CHICAGO","9",17,75
"960",25,6,"NS","160491",NA,NA,"","",25,6,"NS","160491","","",25,6,25,2,45,"PM",1,0,0,0,"0","","CONWAY","PC023.",42,89
"961",25,6,"NS","160448",NA,NA,"","",25,6,"ATK","187131","","",25,6,23,12,5,"AM",1,0,0,0,"0","","PERRYVILLE","59.3",24,73
"962",25,6,"BNSF","KS0625201",NA,NA,"","",25,6,"BNSF","KS0625201","","276501T",25,6,10,4,15,"PM",7,16,0,0,"0","","HARTLEY","406.9",48,82
"963",25,6,"CSX","000225402",NA,NA,"","",25,6,"CSX","000225402","","",25,6,10,9,23,"AM",1,22,0,0,"0","","CONNELLSVILLE","0269.8",42,69
"964",25,6,"NS","160231",NA,NA,"","",25,6,"NS","160231","","",25,6,2,6,20,"PM",1,0,0,0,"0","","BRADY LAKE","RD087.",39,65
"965",25,6,"NS","160448",NA,NA,"","",25,6,"ATK","187131","","",25,6,23,12,5,"AM",1,79,0,0,"0","","PERRYVILLE","59.3",24,73
"966",25,6,"ATK","187131",25,6,"NS","160448",25,6,"ATK","187131","","",25,6,23,12,0,"AM",1,0,0,0,"0","","PERRY POINT","0059.5",24,78
"967",25,6,"ARR","2025094",NA,NA,"","",25,6,"ARR","2025094","","",25,6,6,3,0,"AM",1,0,0,0,"0","","TALKEETNA","248.5",2,48
"968",25,6,"CSX","000225580",NA,NA,"","",25,6,"CSX","000225580","","",25,6,21,3,35,"PM",1,0,0,0,"0","","CONNELLSVILLE","0270.0",42,87
"969",25,6,"LI","85655",NA,NA,"","",25,6,"LI","85655","","",25,6,21,6,50,"AM",9,0,0,0,"0","","HEMPSTEAD","19.6",36,74
"970",25,6,"CPKC","1002359011",NA,NA,"","",25,6,"CPKC","1002359011","","",25,6,14,5,42,"PM",1,3,0,0,"0","","SHREVEPORT","552.1",22,85
"971",25,6,"NS","160419",NA,NA,"","",25,6,"NS","160419","","",25,6,19,10,47,"AM",12,0,0,0,"0","","BETHLEHEM","4.89",42,87
"972",25,6,"NJTR","202506376",NA,NA,"","",25,6,"NJTR","202506376","","",25,6,24,5,19,"PM",13,0,0,0,"0","","Newark","11.4",34,100
"973",25,6,"CSX","000225646",NA,NA,"","",25,6,"CSX","000225646","","",25,6,25,3,30,"AM",12,0,0,0,"0","","INDIANAPOLIS","0009.0",18,80
"974",25,6,"CSX","000225583",25,6,"PAL","2025JUN2D",25,6,"CSX","000225583","","",25,6,22,7,12,"PM",1,0,0,0,"0","","MADISONVILLE","0274.6",21,90
"975",25,6,"NS","160309",NA,NA,"","",25,6,"NS","160309","","",25,6,8,2,5,"AM",1,8,4,0,"0","","DECATUR","D373.0",17,63
"976",25,6,"UP","0625HL004",NA,NA,"","",25,6,"UP","0625HL004","","",25,6,1,4,23,"PM",1,24,0,0,"0","","LA MONTE","198.0",29,85
"977",25,6,"CNRW","1726963",NA,NA,"","",25,6,"CNRW","1726963","","",25,6,29,3,53,"PM",1,0,0,0,"0","","CHICAGO","11",17,85
"978",25,6,"TRRA","25027",NA,NA,"","",25,6,"TRRA","25027","","",25,6,18,6,56,"PM",1,0,0,0,"0","","VENICE","8",17,78
"979",25,6,"NS","160463",NA,NA,"","",25,6,"NS","160463","","",25,6,23,1,40,"PM",1,10,5,0,"0","","CRIMORA","H139.2",51,90
"980",25,6,"EIRR","250610004",NA,NA,"","",25,6,"EIRR","250610004","","",25,6,10,3,8,"PM",1,0,0,0,"0","","CHESTER","42.6",16,82
"981",25,6,"UP","0625LA010",NA,NA,"","",25,6,"UP","0625LA010","","",25,6,7,10,0,"AM",1,0,0,0,"0","","LONG BEACH","3.12",6,67
"982",25,6,"UP","0625LA024",NA,NA,"","",25,6,"UP","0625LA024","","",25,6,18,6,38,"AM",1,0,0,0,"0","","CALIENTE","338.0",6,70
"983",25,6,"UP","0625LA041",NA,NA,"","",25,6,"UP","0625LA041","","",25,6,26,11,0,"PM",1,1,1,0,"0","","INDUSTRY","502.09",6,68
"984",25,6,"CNRW","1726963",NA,NA,"","",25,6,"CNRW","1726963","","",25,6,29,3,53,"PM",1,0,0,0,"0","","CHICAGO","11",17,85
"985",25,6,"CSX","000225466",NA,NA,"","",25,6,"CSX","000225466","","",25,6,14,9,17,"PM",1,0,0,0,"0","","BIRMINGHAM","0389.0",1,73
"986",25,6,"NYA","NYA0170F",NA,NA,"","",25,6,"NYA","NYA0170F","","",25,6,14,9,13,"AM",1,0,0,0,"0","","RIDGEWOOD","11.3",36,64
"987",25,6,"BNSF","CA0625103",NA,NA,"","",25,6,"BNSF","CA0625103","","",25,6,7,12,25,"AM",1,1,1,0,"0","","HELENDALE","21.4",6,85
"988",25,6,"NICD","N2500032",NA,NA,"","",25,6,"NICD","N2500032","","870880G",25,6,25,10,0,"PM",7,0,0,0,"0","","GARY","56.39",18,85
"989",25,6,"UP","0625SX017",NA,NA,"","",25,6,"UP","0625SX017","","",25,6,30,7,39,"AM",1,0,0,0,"0","","FAYETTEVILLE","95.81",48,73
"990",25,6,"UP","0625HO007",NA,NA,"","",25,6,"UP","0625HO007","","",25,6,4,10,16,"PM",12,0,0,0,"0","","HOUSTON","357",48,81
"991",25,6,"NCTC","FY2528601",25,6,"BNSF","CA0625111",25,6,"NCTC","FY2528601","","",25,6,2,7,50,"PM",13,0,0,0,"0","","OCEANSIDE","216.39",6,68
"992",25,6,"NS","160300",NA,NA,"","",25,6,"NS","160300","","",25,6,7,8,38,"PM",1,0,0,0,"0","","COLUMBIA","R109.0",45,85
"993",25,6,"CSX","000225363",NA,NA,"","",25,6,"CSX","000225363","","",25,6,8,4,5,"PM",1,0,0,0,"0","","CUMBERLAND","0178.0",24,70
"994",25,6,"UP","0625TO041",NA,NA,"","",25,6,"UP","0625TO041","","",25,6,24,11,46,"PM",1,60,0,0,"0","","FORT WORTH","249.8",48,83
"995",25,6,"BNSF","CH0625112",NA,NA,"","",25,6,"BNSF","CH0625112","","",25,6,17,7,0,"AM",1,0,0,0,"0","","GALESBURG","164.8",17,80
"996",25,6,"NS","160513",NA,NA,"","",25,6,"NS","160513","","",25,6,28,10,0,"PM",13,0,0,0,"0","","MUSCLE SHOALS","401.00",1,85
"997",25,6,"CSX","000225548",NA,NA,"","",25,6,"CSX","000225548","","",25,6,18,10,30,"PM",4,0,0,0,"0","","MONTGOMERY","0489.0",1,75
"998",25,6,"BNSF","CH0625203",NA,NA,"","",25,6,"BNSF","CH0625203","","079508Y",25,6,13,1,55,"PM",7,0,0,0,"0","","LA GRANGE","13.7",17,68
"999",25,6,"BNSF","CA0625108",NA,NA,"","",25,6,"BNSF","CA0625108","","",25,6,11,9,53,"PM",1,0,0,0,"0","","HESPERIA","29.2",6,68
"1000",25,6,"BNSF","NW0625101",NA,NA,"","",25,6,"BNSF","NW0625101","","",25,6,2,1,17,"AM",1,13,2,0,"0","","KLAMATH FALLS","1.4",41,62
"1001",25,6,"BNSF","KS0625115",NA,NA,"","",25,6,"ATBJ","INDUSTRY","","",25,6,26,4,0,"PM",1,0,0,0,"0","","AMARILLO","330.8",48,85
"1002",25,6,"VSOR","250604005",NA,NA,"","",25,6,"VSOR","250604005","","",25,6,4,10,50,"AM",1,0,0,0,"0","","REDWOOD","25.3",28,87
"1003",25,6,"UP","0625HL033",NA,NA,"","",25,6,"UP","0625HL033","","595382R",25,6,21,1,45,"PM",7,5,0,0,"0","","WAUKOMIS","351.98",40,94
"1004",25,6,"UP","0625TO028",NA,NA,"","",25,6,"UP","0625TO028","","",25,6,17,9,35,"AM",1,0,0,0,"0","","FORT WORTH","249.5",48,81
"1005",25,6,"NS","160526",NA,NA,"","",25,6,"NS","160526","","",25,6,28,4,0,"AM",1,9,0,0,"0","","BYRON","H212.0",13,76
"1006",25,6,"BNSF","SW0625104",NA,NA,"","",25,6,"BNSF","SW0625104","","",25,6,7,6,15,"AM",1,8,0,0,"0","","BELEN","895.7",35,65
"1007",25,6,"MDS","060925MEWA",NA,NA,"","",25,6,"MDS","060925MEWA","","",25,6,9,3,20,"PM",1,0,0,0,"0","","SHUBUTA","100.3",28,81
"1008",25,6,"BNSF","RD0625124",NA,NA,"","",25,6,"BNSF","RD0625124","","",25,6,28,11,20,"AM",1,0,0,0,"0","","BRENHAM","135",48,95
"1009",25,6,"CPKC","1002363719",NA,NA,"","",25,6,"CPKC","1002363719","","",25,6,21,12,30,"AM",1,7,7,0,"0","","VALLEY CITY","281.5",38,65
"1010",25,6,"IHB","20252960",NA,NA,"","",25,6,"IHB","20252960","","",25,6,10,4,0,"AM",13,0,0,0,"0","","MELROSE PARK","37.37",17,63
"1011",25,6,"UP","0625HO007",NA,NA,"","",25,6,"UP","0625HO007","","",25,6,4,10,16,"PM",12,0,0,0,"0","","HOUSTON","357",48,81
"1012",25,6,"BNSF","PR0625105",NA,NA,"","",25,6,"UP","0625GP014","","",25,6,6,7,47,"PM",1,0,0,0,"0","","HOT SULPHUR SPGS","86.7",8,54
"1013",25,6,"BNSF","RD0625112",NA,NA,"","",25,6,"BNSF","RD0625112","","",25,6,12,1,32,"AM",1,0,0,0,"0","","TULSA","425.9",40,69
"1014",25,6,"CSX","000225452",NA,NA,"","",25,6,"CSX","000225452","","",25,6,13,3,30,"PM",5,0,0,0,"0","","ROCKY MOUNT","0122.0",37,83
"1015",25,6,"ATK","187324",NA,NA,"","",NA,NA,"TRE","","","",25,6,29,12,55,"PM",1,0,0,0,"0","","DALLAS","0644.1",48,96
"1016",25,6,"CSX","000225452",NA,NA,"","",25,6,"CSX","000225452","","",25,6,13,3,30,"PM",5,0,0,0,"0","","ROCKY MOUNT","0122.0",37,83
"1017",25,6,"BNSF","HL0625107",NA,NA,"","",25,6,"BNSF","HL0625107","","",25,6,14,8,30,"PM",1,0,0,0,"0","","AMORY","610.8",28,84
"1018",25,6,"PAL","2025JUN2D",NA,NA,"","",25,6,"CSX","000225583","","",25,6,22,7,12,"PM",1,0,0,0,"0","","MADISONVILLE","144.5",21,88
"1019",25,6,"PNWR","PNW222725D",NA,NA,"","",25,6,"PNWR","PNW222725D","","",25,6,5,1,50,"AM",1,0,0,0,"0","","TOLEDO","756.5",41,50
"1020",25,6,"UP","0625PN005",NA,NA,"","",25,6,"UP","0625PN005","","",25,6,8,6,30,"PM",1,33,7,0,"0","","ONTARIO","496.7",41,95
"1021",25,6,"UP","0625TO046",NA,NA,"","",25,6,"UP","0625TO046","","",25,6,30,5,0,"AM",1,0,0,0,"0","","DALLAS","258.1",48,75
"1022",25,6,"UP","0625PR006",NA,NA,"","",25,6,"UP","0625PR006","","",25,6,7,10,15,"PM",1,17,0,0,"0","","SOUTH HOLLAND","18.5",17,63
"1023",25,6,"BNSF","TC0625107",NA,NA,"","",25,6,"BNSF","TC0625107","","",25,6,21,4,56,"AM",1,0,0,0,"0","","CLIFFORD","15.9",38,60
"1024",25,6,"BNSF","KS0625116",NA,NA,"","",25,6,"BNSF","KS0625116","","",25,6,29,9,26,"PM",1,8,0,0,"0","","KANSAS CITY","5.4",20,74
"1025",25,6,"UP","0625HO004",NA,NA,"","",25,6,"UP","0625HO004","","",25,6,3,8,30,"PM",1,0,0,0,"0","","HOUSTON","360.3",48,83
"1026",25,6,"AM","AM250609C",NA,NA,"","",25,6,"AM","AM250609C","","667034N",25,6,9,12,50,"PM",7,0,0,0,"0","","PURDY","294.33",29,75
"1027",25,6,"UP","0625LA006",NA,NA,"","",25,6,"UP","0625LA006","","",25,6,4,2,45,"PM",1,0,0,0,"0","","LONG BEACH","2.2",6,63
"1028",25,6,"UP","0625HL027",NA,NA,"","",25,6,"UP","0625HL027","","",25,6,18,1,40,"AM",13,1,1,0,"0","","KANSAS CITY","280.8",29,69
"1029",25,6,"CW","12062025",NA,NA,"","",25,6,"CW","12062025","","",25,6,13,9,53,"AM",1,0,0,0,"0","","PUEBLO","",8,82
"1030",25,6,"NS","160454",NA,NA,"","",25,6,"NS","160454","","",25,6,21,1,35,"PM",1,0,0,0,"0","","EAST JULIETTE","218.90",13,92
"1031",25,6,"CRSH","147013",NA,NA,"","",25,6,"CRSH","147013","","",25,6,1,12,30,"AM",1,0,0,0,"0","","DETROIT","2.4",26,55
"1032",25,6,"BNSF","KS0625111",NA,NA,"","",25,6,"BNSF","KS0625111","","",25,6,24,9,30,"AM",1,0,0,0,"0","","GRANADA","484.3",8,81
"1033",25,6,"BNSF","KS0625111",NA,NA,"","",25,6,"BNSF","KS0625111","","",25,6,24,9,30,"AM",1,0,0,0,"0","","GRANADA","484.3",8,81
"1034",25,6,"UP","0625ES008",NA,NA,"","",25,6,"UP","0625ES008","","",25,6,4,9,40,"AM",9,0,0,0,"0","","GORHAM","338.02",17,75
"1035",25,6,"ATK","187169",NA,NA,"","",NA,NA,"BNSF","","","028383L",25,6,21,2,30,"PM",7,0,0,0,"0","","SHAFTER","0902.3",6,79
"1036",25,6,"UP","0625GP029",NA,NA,"","",25,6,"UP","0625GP029","","",25,6,20,2,45,"AM",12,0,0,0,"0","","LA SALLE","46.5",8,63
"1037",25,6,"IAIS","20250613",NA,NA,"","",25,6,"IAIS","20250613","","",25,6,13,1,13,"PM",1,0,0,0,"0","","VICTOR","273.9",19,80
"1038",25,6,"CPKC","1002363719",NA,NA,"","",25,6,"CPKC","1002363719","","",25,6,21,12,30,"AM",1,0,0,0,"0","","VALLEY CITY","281.5",38,65
"1039",25,6,"CSX","000225548",NA,NA,"","",25,6,"CSX","000225548","","",25,6,18,10,30,"PM",4,0,0,0,"0","","MONTGOMERY","0489.0",1,75
"1040",25,6,"BNSF","RD0625112",NA,NA,"","",25,6,"BNSF","RD0625112","","",25,6,12,1,32,"AM",1,0,0,0,"0","","TULSA","425.9",40,69
"1041",25,6,"CSX","000225578",NA,NA,"","",25,6,"CSX","000225578","","",25,6,21,4,30,"PM",12,0,0,0,"0","","FLORENCE","0293.0",45,95
"1042",25,6,"CSX","000225578",NA,NA,"","",25,6,"CSX","000225578","","",25,6,21,4,30,"PM",12,0,0,0,"0","","FLORENCE","0293.0",45,95
"1043",25,6,"NS","160419",NA,NA,"","",25,6,"NS","160419","","",25,6,19,10,47,"AM",12,0,0,0,"0","","BETHLEHEM","4.89",42,87
"1044",25,6,"BNSF","NW0625122",NA,NA,"","",25,6,"BNSF","NW0625122","","",25,6,29,8,9,"AM",13,29,0,0,"0","","PASCO","144.3",53,68
"1045",25,6,"MBTA","2573",NA,NA,"","",25,6,"MBTA","2573","","536886F",25,6,11,11,56,"AM",7,0,0,0,"0","","BRAINTREE","11.56",25,81
"1046",25,6,"UP","0625ES008",NA,NA,"","",25,6,"UP","0625ES008","","",25,6,4,9,40,"AM",9,0,0,0,"0","","GORHAM","338.02",17,75
"1047",25,6,"SSC","SSC25005",NA,NA,"","",25,6,"SSC","SSC25005","","274931W",25,6,18,11,15,"AM",1,5,0,0,"0","","ABILENE","5",48,85
"1048",25,6,"BNSF","CA0625111",NA,NA,"","",25,6,"NCTC","FY2528601","","",25,6,2,7,50,"PM",13,0,0,0,"0","","FALLBROOK","217",6,68
"1049",25,6,"CNRW","1726358",NA,NA,"","",25,6,"CNRW","1726358","","",25,6,16,3,21,"PM",1,2,0,0,"0","","SAVAGE","38.5",28,91
"1050",25,6,"CNRW","1726849",NA,NA,"","",25,6,"CNRW","1726849","","",25,6,26,10,0,"PM",1,0,0,0,"0","","GREEN BAY","1.4",55,64
"1051",25,6,"BNSF","CA0625109",NA,NA,"","",25,6,"BNSF","CA0625109","","",25,6,15,12,11,"AM",1,0,0,0,"0","","CORONA","2.5",6,68
"1052",25,6,"CSX","000226151",25,6,"ATK","186984",25,6,"CSX","000226151","","",25,6,16,2,27,"AM",9,0,0,0,"0","","PATRICK","0292.0",45,72
"1053",25,6,"CPKC","1002361161",NA,NA,"","",25,6,"CPKC","1002361161","","",25,6,17,6,1,"AM",1,7,0,0,"0","","RIENZI","318.1",28,80
"1054",25,6,"NS","160341",NA,NA,"","",25,6,"NS","160341","","",25,6,12,1,30,"AM",13,0,0,0,"0","","VANCE","AG179.",1,74
"1055",25,6,"MBTA","2574",NA,NA,"","",25,6,"MBTA","2574","","",25,6,11,3,34,"AM",1,0,0,0,"0","","SOMERVILLE","0.9",25,63
"1056",25,6,"UP","0625RM010",NA,NA,"","",25,6,"UP","0625RM010","","",25,6,15,6,5,"PM",13,15,0,0,"0","","OGDEN","991.21",49,92
"1057",25,6,"UP","0625RM007",NA,NA,"","",25,6,"UP","0625RM007","","",25,6,9,8,50,"AM",1,34,0,0,"0","","HANNA","662.31",56,45
"1058",25,6,"UP","0625HL040",NA,NA,"","",25,6,"UP","0625HL040","","",25,6,27,12,50,"PM",1,0,0,0,"0","","KANSAS CITY","4.1",20,85
"1059",25,6,"CSX","000225322",NA,NA,"","",25,6,"CSX","000225322","","",25,6,5,1,51,"PM",1,0,0,0,"0","","GRAFTON","0280.0",54,82
"1060",25,6,"NS","160244",NA,NA,"","",25,6,"NS","160244","","",25,6,3,6,45,"PM",4,0,0,0,"0","","ECKMAN","N388.2",54,75
"1061",25,6,"UP","0625HO003",NA,NA,"","",25,6,"UP","0625HO003","","",25,6,3,9,0,"AM",1,0,0,0,"0","","BAYTOWN","0.25",48,82
"1062",25,6,"BNSF","CH0625101",25,6,"UP","0625HL005",25,6,"BNSF","CH0625101","","",25,6,3,5,57,"PM",13,0,0,0,"0","","MONTROSE","242.2",19,81
"1063",25,6,"UP","0625GP029",NA,NA,"","",25,6,"UP","0625GP029","","",25,6,20,2,45,"AM",12,0,0,0,"0","","LA SALLE","46.5",8,63
"1064",25,6,"HOB","06132025",NA,NA,"","",25,6,"HOB","06132025","","",25,6,13,2,30,"PM",1,14,0,0,"0","","NEW LONDON","4.5",48,91
"1065",25,6,"BNSF","RD0625118",NA,NA,"","",25,6,"BNSF","RD0625118","","",25,6,18,3,53,"PM",1,0,0,0,"0","","TULSA","425.9",40,81
"1066",25,6,"UP","0625TO016",NA,NA,"","",25,6,"UP","0625TO016","","",25,6,9,11,32,"PM",1,108,16,0,"0","","WAXAHACHIE","11.67",48,77
"1067",25,6,"BNSF","KS0625202",NA,NA,"","",25,6,"BNSF","KS0625202","","005978C",25,6,12,4,21,"PM",7,0,0,0,"0","","CARBONDALE","64.7",20,78
"1068",25,6,"ATK","186984",NA,NA,"","",25,6,"CSX","000226151","","",25,6,16,2,27,"AM",9,0,0,0,"0","","PATRICK","0292.0",45,72
"1069",25,6,"UP","0625RM007",NA,NA,"","",25,6,"UP","0625RM007","","",25,6,9,8,50,"AM",1,17,0,0,"0","","HANNA","662.31",56,45
"1070",25,6,"BNSF","KS0625103",NA,NA,"","",25,6,"BNSF","KS0625103","","",25,6,15,3,51,"PM",1,0,0,0,"0","","KANSAS CITY","5.9",20,85
"1071",25,6,"BNSF","KS0625103",NA,NA,"","",25,6,"BNSF","KS0625103","","",25,6,15,3,51,"PM",1,0,0,0,"0","","KANSAS CITY","5.9",20,85
"1072",25,6,"KYLE","KYL231325D",NA,NA,"","",25,6,"KYLE","KYL231325D","","",25,6,16,7,0,"PM",1,0,0,0,"0","","DOWNS","538",20,85
"1073",25,6,"KYLE","KYL225625D",NA,NA,"","",25,6,"KYLE","KYL225625D","","",25,6,9,6,0,"PM",1,0,0,0,"0","","SIMPSON","47",20,85
"1074",25,6,"UP","0625HO001",NA,NA,"","",25,6,"UP","0625HO001","","",25,6,1,5,0,"PM",1,0,0,0,"0","","BAYTOWN","0.25",48,86
"1075",25,6,"CSX","000225363",NA,NA,"","",25,6,"CSX","000225363","","",25,6,8,4,5,"PM",1,0,0,0,"0","","CUMBERLAND","0178.0",24,70
"1076",25,6,"UP","0625GP014",25,6,"BNSF","PR0625105",25,6,"UP","0625GP014","","",25,6,6,7,47,"PM",1,0,0,0,"0","","HOT SULPHUR SPGS","86.74",8,54
"1077",25,5,"CSX","000224716",NA,NA,"","",25,5,"CSX","000224716","","",25,5,6,8,55,"AM",1,0,0,0,"0","","CORFU","0415.7",36,65
"1078",25,5,"CSX","000225103",NA,NA,"","",25,5,"CSX","000225103","","",25,5,20,2,58,"PM",1,0,0,0,"0","","MEADOW BRIDGE","0004.3",54,73
"1079",25,5,"GTW","1724312",NA,NA,"","",25,5,"CSX","000224670","","",25,5,1,10,49,"PM",1,0,0,0,"0","","WALBRIDGE","118",39,60
"1080",25,5,"NJTR","202506314",NA,NA,"","",25,5,"NJTR","202506314","","",25,5,4,10,0,"AM",13,0,0,0,"0","","Kearny",".1",34,55
"1081",25,5,"HOB","05302025",NA,NA,"","",25,5,"HOB","05302025","","",25,5,30,3,15,"PM",1,7,7,0,"0","","NEW LONDON","6.6",48,82
"1082",25,5,"CSX","000225157",NA,NA,"","",25,5,"CSX","000225157","","",25,5,28,2,8,"PM",12,0,0,0,"0","","KENNESAW","0029.0",13,80
"1083",25,5,"IC","1726425",25,5,"ATK","186270",25,5,"IC","1726425","","",25,5,10,12,1,"PM",9,0,0,0,"0","","BYRAM","740.01",28,82
"1084",25,5,"CSX","000224670",25,5,"GTW","1724312",25,5,"CSX","000224670","","",25,5,1,10,49,"PM",1,0,0,0,"0","","WALBRIDGE","0118.0",39,60
"1085",25,5,"ATK","186270",NA,NA,"","",25,5,"IC","1726425","","",25,5,10,12,1,"PM",9,0,0,0,"0","","BYRAM","0740.1",28,67
"1086",25,5,"CSX","000224732",NA,NA,"","",25,5,"CSX","000224732","","",25,5,5,9,25,"PM",12,0,0,0,"0","","BUFFALO","0434.0",36,63
"1087",25,5,"UP","0525RM004",NA,NA,"","",25,5,"UP","0525RM004","","",25,5,5,7,20,"AM",9,0,0,0,"0","","POCATELLO","213.61",16,44
"1088",25,5,"CSX","000225092",NA,NA,"","",25,5,"CSX","000225092","","",25,5,25,11,24,"AM",12,0,0,0,"0","","CINCINNATI","0003.0",39,66
"1089",25,5,"MSE","2501DERAIL",NA,NA,"","",25,5,"IC","1725598","","",25,5,28,7,27,"AM",1,0,0,0,"0","","LUCEDALE","37.9",28,80
"1090",25,5,"IAIS","20250510",NA,NA,"","",25,5,"IAIS","20250510","","",25,5,10,2,38,"AM",12,0,0,0,"0","","SILVIS","",17,80
"1091",25,5,"BNSF","CH0525104",NA,NA,"","",25,5,"BNSF","CH0525104","","",25,5,9,5,35,"PM",12,34,0,0,"0","","SMITHSHIRE","201.6",17,75
"1092",25,5,"BNSF","CH0525105",NA,NA,"","",25,5,"BNSF","CH0525105","","",25,5,17,3,7,"PM",1,0,0,0,"0","","CICERO","8.2",17,68
"1093",25,5,"UP","0525MA020",NA,NA,"","",25,5,"TRRA","25024","","",25,5,17,10,8,"AM",1,5,0,0,"0","","EAST ST LOUIS","3.2",17,66
"1094",25,5,"BNSF","CH0525104",NA,NA,"","",25,5,"BNSF","CH0525104","","",25,5,9,5,35,"PM",12,0,0,0,"0","","SMITHSHIRE","201.6",17,75
"1095",25,5,"BNSF","TC0525103",NA,NA,"","",25,5,"BNSF","TC0525103","","",25,5,7,7,53,"AM",1,0,0,0,"0","","CHURCHS FERRY","5.2",38,55
"1096",25,5,"CSX","000224750",NA,NA,"","",25,5,"CSX","000224750","","",25,5,7,12,45,"PM",4,0,0,0,"0","","SELKIRK","0015.0",36,72
"1097",25,5,"CSX","000224641",NA,NA,"","",25,5,"CSX","000224641","","",25,5,1,4,50,"PM",1,0,0,0,"0","","CALERA","0424.5",1,82
"1098",25,5,"PTRA","2025019",25,5,"BNSF","RD0525133",25,5,"PTRA","2025019","","",25,5,27,3,46,"AM",4,0,0,0,"0","","HOUSTON","3.8",48,75
"1099",25,5,"BNSF","RD0525203",NA,NA,"","",25,5,"BNSF","RD0525203","","022674F",25,5,21,7,25,"AM",7,0,0,0,"0","","RICHMOND","56.7",48,78
"1100",25,5,"UP","0525RM002",NA,NA,"","",25,5,"UP","0525RM002","","",25,5,3,6,45,"PM",1,0,0,0,"0","","SALT LAKE CITY","742.0",49,81
"1101",25,5,"BNSF","RD0525109",NA,NA,"","",25,5,"BNSF","RD0525109","","",25,5,12,1,55,"AM",12,0,0,0,"0","","VALLEY BROOK","390.1",40,60
"1102",25,5,"MBTA","2567",NA,NA,"","",25,5,"MBTA","2567","","",25,5,22,9,38,"PM",9,0,0,0,"0","","BEVERLY","22.7",25,47
"1103",25,5,"BNSF","RD0525109",NA,NA,"","",25,5,"BNSF","RD0525109","","",25,5,12,1,55,"AM",12,0,0,0,"0","","VALLEY BROOK","390.1",40,60
"1104",25,5,"ATK","186302",NA,NA,"","",NA,NA,"NS","","","",25,5,10,6,40,"PM",11,0,0,0,"0","","MEBANE","0031.0",37,73
"1105",25,5,"UP","0525LA012",NA,NA,"","",25,5,"UP","0525LA012","","",25,5,13,11,0,"AM",12,0,0,0,"0","","ONTARIO","35.15",6,57
"1106",25,5,"UP","0525MA031",NA,NA,"","",25,5,"UP","0525MA031","","",25,5,30,5,45,"AM",12,20,0,0,"0","","PINE BLUFF","264.6",5,71
"1107",25,5,"CRSH","147006",25,5,"NS","160001",25,5,"CRSH","147006","","362862H",25,5,12,12,30,"AM",7,0,0,0,"0","","SOUTH PLAINFIELD","027.96",34,60
"1108",25,5,"BNSF","SW0525105",NA,NA,"","",25,5,"BNSF","SW0525105","","",25,5,9,7,55,"PM",1,0,0,0,"0","","BELEN","896.0",35,68
"1109",25,5,"UP","0525HO001",NA,NA,"","",25,5,"UP","0525HO001","","",25,5,1,10,9,"AM",12,2,2,0,"0","","HOUSTON","357.5",48,79
"1110",25,5,"PTRA","2025018",NA,NA,"","",25,5,"PTRA","2025018","","",25,5,16,7,37,"PM",1,0,0,0,"0","","HOUSTON","0.6",48,80
"1111",25,5,"ATK","186423",NA,NA,"","",25,5,"CSX","000224911","","",25,5,16,7,53,"AM",9,0,0,0,"0","","GRAND JUNCTION","0058.0",26,82
"1112",25,5,"UP","0525MA031",NA,NA,"","",25,5,"UP","0525MA031","","",25,5,30,5,45,"AM",12,0,0,0,"0","","PINE BLUFF","264.6",5,71
"1113",25,5,"IHB","20252955",NA,NA,"","",25,5,"IHB","20252955","","",25,5,3,9,40,"AM",1,0,0,0,"0","","BURNHAM","4.76",17,49
"1114",25,5,"UP","0525MA009",NA,NA,"","",25,5,"UP","0525MA009","","",25,5,10,9,25,"PM",9,3,0,0,"0","","NORTH LITTLE ROCK","341.37",5,66
"1115",25,5,"BNSF","RD0525118",NA,NA,"","",25,5,"UP","0525HO048","","",25,5,20,3,55,"AM",1,0,0,0,"0","","CORPUS CHRISTI","140.6",48,78
"1116",25,5,"CSX","000224911",25,5,"ATK","186423",25,5,"CSX","000224911","","",25,5,16,7,53,"AM",9,0,0,0,"0","","GRAND JUNCTION","0057.8",26,84
"1117",25,5,"NS","160036",NA,NA,"","",25,5,"NS","160036","","",25,5,14,2,30,"AM",12,0,0,0,"0","","WALKERTOWN","R122.9",37,67
"1118",25,5,"NS","160036",NA,NA,"","",25,5,"NS","160036","","",25,5,14,2,30,"AM",12,0,0,0,"0","","WALKERTOWN","R122.9",37,67
"1119",25,5,"MBTA","2564",NA,NA,"","",25,5,"MBTA","2564","","",25,5,8,8,16,"AM",9,0,0,0,"0","","WELLESLEY","13.5",25,55
"1120",25,5,"MBTA","2563",NA,NA,"","",25,5,"MBTA","2563","","",25,5,2,3,30,"PM",13,0,0,0,"0","","SOMERVILLE","9",25,66
"1121",25,5,"MBTA","2557",NA,NA,"","",25,5,"MBTA","2557","","921956D",25,5,3,11,22,"AM",7,0,0,0,"0","","COHASSET","22.619",25,75
"1122",25,5,"BNSF","PR0525108",NA,NA,"","",25,5,"BNSF","PR0525108","","",25,5,25,7,38,"AM",1,0,0,0,"0","","DENVER","540.2",8,51
"1123",25,5,"UP","0525LA012",NA,NA,"","",25,5,"UP","0525LA012","","",25,5,13,11,0,"AM",12,0,0,0,"0","","ONTARIO","35.15",6,57
"1124",25,5,"BNSF","KS0525104",NA,NA,"","",25,5,"BNSF","KS0525104","","",25,5,6,9,36,"PM",1,11,0,0,"0","","OTTAWA","56.9",20,60
"1125",25,5,"UP","0525HL025",NA,NA,"","",25,5,"UP","0525HL025","","",25,5,31,1,30,"PM",12,0,0,0,"0","","SALINA","184.59",20,87
"1126",25,5,"UP","0525HL025",NA,NA,"","",25,5,"UP","0525HL025","","",25,5,31,1,30,"PM",12,0,0,0,"0","","SALINA","184.59",20,87
"1127",25,5,"UP","0525HL018",NA,NA,"","",25,5,"KCT","U25052230","","",25,5,22,7,14,"PM",1,23,0,0,"0","","KANSAS CITY","8.2",20,68
"1128",25,5,"SLWC","250527004",NA,NA,"","",25,5,"SLWC","250527004","","",25,5,27,11,50,"AM",1,0,0,0,"0","","OKLAHOMA CITY","543.3",40,70
"1129",25,5,"UP","0525HL015",NA,NA,"","",25,5,"UP","0525HL015","","",25,5,18,10,0,"PM",13,2,1,0,"0","","HAVILAND","321.1",20,67
"1130",25,5,"CSX","000225229",NA,NA,"","",25,5,"CSX","000225229","","",25,5,29,2,47,"PM",1,0,0,0,"0","","MONTGOMERY","0489.0",1,84
"1131",25,5,"NS","160092",NA,NA,"","",25,5,"NS","160092","","",25,5,18,6,29,"PM",12,0,0,0,"0","","MACON","242.00",13,75
"1132",25,5,"CSX","000224933",NA,NA,"","",25,5,"CSX","000224933","","",25,5,17,4,50,"AM",9,0,0,0,"0","","GAULEY BRIDGE","0416.3",54,65
"1133",25,5,"CSX","000225213",NA,NA,"","",25,5,"CSX","000225213","","",25,5,31,6,0,"PM",9,72,6,0,"0","","MOUNDSVILLE","0013.4",54,60
"1134",25,5,"CSX","000225091",NA,NA,"","",25,5,"CSX","000225091","","",25,5,24,4,36,"PM",1,0,0,0,"0","","WAYCROSS","0587.0",13,92
"1135",25,5,"SCRF","SCR203025D",NA,NA,"","",25,5,"SCRF","SCR203025D","","",25,5,18,11,45,"PM",1,0,0,0,"0","","DARLINGTON","299.68",45,65
"1136",25,5,"UP","0525TO041",NA,NA,"","",25,5,"UP","0525TO041","","",25,5,26,8,0,"AM",1,0,0,0,"0","","MUSKOGEE","501.97",40,66
"1137",25,5,"EARY","EAR211625D",NA,NA,"","",25,5,"EARY","EAR211625D","","",25,5,27,1,45,"PM",1,0,0,0,"0","","SYLACAUGA","459.6",1,68
"1138",25,5,"CSX","000224732",NA,NA,"","",25,5,"CSX","000224732","","",25,5,5,9,25,"PM",12,0,0,0,"0","","BUFFALO","0434.0",36,63
"1139",25,5,"NS","160087",NA,NA,"","",25,5,"NS","160087","","",25,5,17,11,45,"PM",1,0,0,0,"0","","ATLANTA","148.00",13,70
"1140",25,5,"OTVR","OTV193925D",NA,NA,"","",25,5,"OTVR","OTV193925D","","",25,5,11,10,0,"AM",1,0,0,0,"0","","FERGUS FALLS","52.5",27,76
"1141",25,5,"CPKC","1002321981",NA,NA,"","",25,5,"CPKC","1002321981","","",25,5,7,6,30,"AM",9,33,8,0,"295","","MOREAUVILLE","719",22,74
"1142",25,5,"FEC","X23052925",NA,NA,"","",25,5,"FEC","X23052925","","272120R",25,5,29,9,0,"AM",7,0,0,0,"0","","MELBOURNE","188.7",12,84
"1143",25,5,"BNSF","RD0525117",NA,NA,"","",25,5,"BNSF","RD0525117","","",25,5,10,2,55,"AM",12,0,0,0,"0","","JUSTIN","363.4",48,72
"1144",25,5,"NS","160001",NA,NA,"","",25,5,"CRSH","147006","","362862H",25,5,12,12,11,"AM",7,0,0,0,"0","","MARCUS HOOK","027.96",34,62
"1145",25,5,"MNNR","0525003",NA,NA,"","",25,5,"MNNR","0525003","","",25,5,14,8,10,"AM",1,0,0,0,"0","","MINNEAPOLIS","",27,70
"1146",25,5,"BNSF","RD0525205",NA,NA,"","",25,5,"BNSF","RD0525205","","671991A",25,5,30,4,27,"PM",7,29,0,0,"0","","ADA","547.6",40,77
"1147",25,5,"CSX","000224807",NA,NA,"","",25,5,"CSX","000224807","","",25,5,8,11,30,"AM",12,0,0,0,"0","","DOTHAN","0783.0",1,80
"1148",25,5,"MDDE","250515MDDE",NA,NA,"","",25,5,"MDDE","250515MDDE","","",25,5,15,2,30,"PM",1,0,0,0,"0","","SUDLERSVILLE","18.66",24,85
"1149",25,5,"UP","0525TO040",NA,NA,"","",25,5,"UP","0525TO040","","",25,5,26,8,20,"AM",1,29,0,0,"0","","FORT WORTH","754.94",48,78
"1150",25,5,"UP","0525TO017",NA,NA,"","",25,5,"UP","0525TO017","","416090D",25,5,12,9,38,"PM",7,0,0,0,"0","","WACO","168.64",48,71
"1151",25,5,"BNSF","TC0525102",25,5,"CPKC","1002302944",25,5,"BNSF","TC0525102","","",25,5,1,9,5,"AM",1,0,0,0,"0","","MINNEAPOLIS","11.6",27,55
"1152",25,5,"CPKC","1002302944",NA,NA,"","",25,5,"BNSF","TC0525102","","",25,5,1,9,5,"AM",1,0,0,0,"0","","MINNEAPOLIS","11.6",27,55
"1153",25,5,"CSX","000225046",NA,NA,"","",25,5,"CSX","000225046","","340430X",25,5,22,1,12,"PM",7,0,0,0,"0","","EMERSON","0043.1",13,80
"1154",25,5,"BNSF","RD0525102",NA,NA,"","",25,5,"BNSF","RD0525102","","",25,5,4,12,55,"AM",12,0,0,0,"0","","SILSBEE","150.8",48,62
"1155",25,5,"UP","0525HO048",25,5,"BNSF","RD0525118",25,5,"UP","0525HO048","","",25,5,20,3,55,"AM",1,0,0,0,"0","","CORPUS CHRISTI","140.8",48,78
"1156",25,5,"UP","0525HO036",NA,NA,"","",25,5,"UP","0525HO036","","430073W",25,5,20,2,30,"AM",7,138,0,0,"0","","SPRING","6.73",48,80
"1157",25,5,"UP","0525HO001",NA,NA,"","",25,5,"UP","0525HO001","","",25,5,1,10,9,"AM",12,2,2,1,"0","","HOUSTON","357.5",48,79
"1158",25,5,"CSX","000224934",NA,NA,"","",25,5,"CSX","000224934","","",25,5,17,4,56,"AM",9,0,0,0,"0","","PIKEVILLE","0096.0",21,60
"1159",25,5,"CSX","000225150",NA,NA,"","",25,5,"ZPC","INDUSTRY","","",25,5,27,4,0,"PM",1,0,0,0,"0","","CONYERS","0140.0",13,75
"1160",25,5,"ATK","186168",NA,NA,"","",25,5,"ATK","186168","","",25,5,6,2,17,"AM",1,0,0,0,"0","","WASHINGTON","0000.0",11,55
"1161",25,5,"NS","160092",NA,NA,"","",25,5,"NS","160092","","",25,5,18,6,29,"PM",12,0,0,0,"0","","MACON","242",13,75
"1162",25,5,"ATK","186365",NA,NA,"","",25,5,"UP","0525LA016","","745856P",25,5,14,7,28,"PM",7,0,0,0,"0","","OXNARD","0407.1",6,61
"1163",25,5,"FEC","D20051525",NA,NA,"","",25,5,"FEC","D20051525","","",25,5,15,3,10,"PM",1,0,0,0,"0","","HIALEAH","369",12,87
"1164",25,5,"SEPA","SEPA051425",NA,NA,"","",25,5,"SEPA","SEPA051425","","",25,5,14,5,8,"PM",13,0,0,0,"0","","SECANE","8.8",42,64
"1165",25,5,"BEAR","BER213225D",NA,NA,"","",25,5,"BEAR","BER213225D","","",25,5,27,4,5,"PM",12,0,0,0,"0","","AYER","316",25,79
"1166",25,5,"KRR","KRR208525D",NA,NA,"","",25,5,"KRR","KRR208525D","","",25,5,21,2,0,"PM",1,0,0,0,"0","","HOPE","799",5,90
"1167",25,5,"CSX","000224807",NA,NA,"","",25,5,"CSX","000224807","","",25,5,8,11,30,"AM",12,0,0,0,"0","","DOTHAN","0783.0",1,80
"1168",25,5,"ATK","186414",NA,NA,"","",25,5,"ATK","186414","","",25,5,16,5,20,"AM",13,0,0,0,"0","","HARMANS","0109.0",24,67
"1169",25,5,"TRRA","25024",25,5,"UP","0525MA020",25,5,"TRRA","25024","","",25,5,17,10,8,"AM",1,0,0,0,"0","","EAST ST LOUIS","2.95",17,66
"1170",25,5,"UP","0525GC003",NA,NA,"","",25,5,"UP","0525GC003","","",25,5,5,3,10,"PM",12,0,0,0,"0","","LOTTIE","112.8",22,79
"1171",25,5,"UP","0525GP029",NA,NA,"","",25,5,"UP","0525GP029","","",25,5,29,10,10,"PM",1,0,0,0,"0","","BRIDGEPORT","117.5",31,60
"1172",25,5,"NS","160137",NA,NA,"","",25,5,"NS","160137","","481396G",25,5,23,9,52,"AM",7,0,0,0,"0","","KINGSTON","N662.0",39,68
"1173",25,5,"UP","0525GP019",NA,NA,"","",25,5,"UP","0525GP019","","",25,5,21,2,30,"AM",12,0,0,0,"0","","NORTH PLATTE","288.0",31,39
"1174",25,5,"WE","250044",NA,NA,"","",25,5,"WE","250044","","",25,5,7,1,25,"AM",4,0,0,0,"0","","PITTSBURGH","56",42,52
"1175",25,5,"BNSF","MT0525106",NA,NA,"","",25,5,"BNSF","MT0525106","","",25,5,9,6,59,"AM",1,29,2,0,"0","","GLENDIVE","215.2",30,56
"1176",25,5,"ATK","186172",NA,NA,"","",25,5,"ATK","186172","","",25,5,4,7,34,"PM",1,0,0,0,"0","","BOSTON","0000.0",25,50
"1177",25,5,"NS","160080",NA,NA,"","",25,5,"NS","160080","","",25,5,17,7,9,"AM",1,0,0,0,"0","","CHICAGO","UW001.",17,63
"1178",25,5,"UP","0525GC021",NA,NA,"","",25,5,"IPCZ","INDUSTRY","","",25,5,28,12,30,"PM",1,0,0,0,"0","","COUSHATTA","285.1",22,80
"1179",25,5,"WE","250042",NA,NA,"","",25,5,"WE","250042","","",25,5,4,1,45,"AM",4,0,0,0,"0","","MINGO JUNCTION","91.5",39,57
"1180",25,5,"NS","160214",NA,NA,"","",25,5,"NS","160214","","",25,5,30,11,40,"AM",1,0,0,0,"0","","CALEDONIA","S054.9",39,63
"1181",25,5,"UP","0525MA006",NA,NA,"","",25,5,"3MQ","INDUSTRY","","",25,5,7,5,51,"PM",1,0,0,0,"0","","LITTLE ROCK","309.62",5,75
"1182",25,5,"UP","0525MA009",NA,NA,"","",25,5,"UP","0525MA009","","",25,5,10,9,25,"PM",9,4,2,0,"0","","NORTH LITTLE ROCK","341.37",5,66
"1183",25,5,"BNSF","HL0525203",NA,NA,"","",25,5,"BNSF","HL0525203","","667969F",25,5,27,2,37,"PM",7,0,0,0,"0","","PORTIA","392.2",5,63
"1184",25,5,"UP","0525GP019",NA,NA,"","",25,5,"UP","0525GP019","","",25,5,21,2,30,"AM",12,0,0,0,"0","","NORTH PLATTE","288.0",31,39
"1185",25,5,"CSX","000224801",NA,NA,"","",25,5,"CSX","000224801","","",25,5,10,9,30,"PM",13,17,0,0,"0","","MOUNDSVILLE","0021.3",54,62
"1186",25,5,"BNSF","PR0525110",NA,NA,"","",25,5,"BNSF","PR0525110","","",25,5,26,12,18,"AM",1,0,0,0,"0","","LINGLE","72.2",56,65
"1187",25,5,"NS","160088",NA,NA,"","",25,5,"NS","160088","","",25,5,18,4,15,"AM",13,0,0,0,"0","","SANDUSKY","109",39,57
"1188",25,5,"BNSF","PR0525111",NA,NA,"","",25,5,"BNSF","PR0525111","","",25,5,28,10,14,"AM",1,0,0,0,"0","","HASTINGS","156.8",31,55
"1189",25,5,"UP","0525GC017",NA,NA,"","",25,5,"UP","0525GC017","","",25,5,18,3,0,"AM",1,0,0,0,"0","","PORT ALLEN","643.25",22,77
"1190",25,5,"BEAR","BER213225D",NA,NA,"","",25,5,"BEAR","BER213225D","","",25,5,27,4,5,"PM",12,0,0,0,"0","","AYER","316",25,79
"1191",25,5,"BNSF","RD0525102",NA,NA,"","",25,5,"BNSF","RD0525102","","",25,5,4,12,55,"AM",12,0,0,0,"0","","SILSBEE","150.8",48,62
"1192",25,5,"ATK","186601",NA,NA,"","",25,5,"ATK","186601","","",25,5,28,12,50,"AM",13,0,0,0,"0","","THORNDALE","0000.0",42,60
"1193",25,5,"UP","0525NC017",NA,NA,"","",25,5,"UP","0525NC017","","",25,5,15,2,45,"PM",6,0,0,0,"0","","COLFAX","141.08",6,72
"1194",25,5,"UP","0525GC026",NA,NA,"","",25,5,"UP","0525GC026","","",25,5,30,11,0,"AM",12,1,0,0,"0","","LOTTIE","112.6",22,85
"1195",25,5,"CSX","000224694",NA,NA,"","",25,5,"CSX","000224694","","",25,5,4,4,30,"AM",1,0,0,0,"0","","WEST POINT","0082.0",13,55
"1196",25,5,"NS","160080",NA,NA,"","",25,5,"NS","160080","","",25,5,17,7,9,"AM",1,0,0,0,"0","","CHICAGO","UW001.",17,63
"1197",25,5,"IC","1724643",NA,NA,"","",25,5,"IC","1724643","","",25,5,10,4,25,"PM",1,0,0,0,"0","","BATON ROUGE","363.9",22,70
"1198",25,5,"CSX","000224750",NA,NA,"","",25,5,"CSX","000224750","","",25,5,7,12,45,"PM",4,0,0,0,"0","","SELKIRK","0015.0",36,72
"1199",25,5,"BNSF","RD0525133",25,5,"PTRA","2025019",25,5,"PTRA","2025019","","",25,5,27,3,46,"AM",4,0,0,0,"0","","HOUSTON","3.8",48,75
"1200",25,5,"UP","0525NC010",NA,NA,"","",25,5,"UP","0525NC010","","753377F",25,5,10,1,59,"PM",7,1,0,0,"0","","RICHVALE","167.79",6,81
"1201",25,5,"WE","250042",NA,NA,"","",25,5,"WE","250042","","",25,5,4,1,45,"AM",4,3,3,0,"0","","MINGO JUNCTION","91.5",39,57
"1202",25,5,"WE","250048",NA,NA,"","",25,5,"FPTX","INDUSTRY","","",25,5,28,1,30,"PM",1,0,0,0,"0","","CLEVELAND","5.13",39,55
"1203",25,5,"UP","0525GC026",NA,NA,"","",25,5,"UP","0525GC026","","",25,5,30,11,0,"AM",12,0,0,0,"0","","LOTTIE","112.6",22,85
"1204",25,5,"UP","0525GP002",NA,NA,"","",25,5,"UP","0525GP002","","",25,5,7,11,50,"AM",1,0,0,0,"0","","DENVER","3.0",8,47
"1205",25,5,"UP","0525GP015",NA,NA,"","",25,5,"UP","0525GP015","","",25,5,18,9,40,"PM",13,0,0,0,"0","","EDGAR","228.44",31,62
"1206",25,5,"SKOL","250524001",NA,NA,"","",25,5,"SKOL","250524001","","",25,5,24,12,0,"PM",1,0,0,0,"0","","OSWEGO","365.5",20,68
"1207",25,5,"BNSF","CA0525112",NA,NA,"","",25,5,"BNSF","CA0525112","","",25,5,14,2,0,"AM",1,0,0,0,"0","","BARSTOW","3.1",6,50
"1208",25,5,"BNSF","CA0525112",NA,NA,"","",25,5,"BNSF","CA0525112","","",25,5,14,2,0,"AM",1,0,0,0,"0","","BARSTOW","3.1",6,50
"1209",25,5,"UP","0525GC003",NA,NA,"","",25,5,"UP","0525GC003","","",25,5,5,3,10,"PM",12,1,1,0,"0","","LOTTIE","112.8",22,79
"1210",25,5,"BNSF","CA0525127",NA,NA,"","",25,5,"BNSF","CA0525127","","",25,5,29,5,40,"AM",1,23,0,0,"0","","CALWA","994.5",6,68
"1211",25,5,"BRC","14881",NA,NA,"","",25,5,"BRC","14881","","",25,5,9,4,29,"PM",1,0,0,0,"0","","BEDFORD PARK","",17,52
"1212",25,5,"SKOL","250521002",NA,NA,"","",25,5,"SKOL","250521002","","",25,5,21,1,15,"AM",1,1,0,0,"0","","COFFEYVILLE","16.4",20,55
"1213",25,5,"UP","0525LA016",25,5,"ATK","186365",25,5,"UP","0525LA016","","745856P",25,5,14,7,28,"PM",7,0,0,0,"0","","OXNARD","407.8",6,66
"1214",25,5,"KO","250518002",NA,NA,"","",25,5,"KO","250518002","","",25,5,18,6,0,"PM",1,0,0,0,"0","","MODOC","692.6",20,78
"1215",25,5,"UP","0525GC016",NA,NA,"","",25,5,"UP","0525GC016","","",25,5,16,12,0,"PM",12,0,0,0,"0","","LOTTIE","112.5",22,85
"1216",25,5,"CSX","000225092",NA,NA,"","",25,5,"CSX","000225092","","",25,5,25,11,24,"AM",12,0,0,0,"0","","CINCINNATI","0003.0",39,66
"1217",25,5,"UP","0525ME018",NA,NA,"","",25,5,"UP","0525ME018","","",25,5,14,6,0,"AM",12,0,0,0,"0","","TUCSON","985.7",4,62
"1218",25,5,"RCPE","RCP213025G",NA,NA,"","",25,5,"RCPE","RCP213025G","","189747C",25,5,29,9,50,"AM",7,0,0,0,"0","","ST LAWRENCE","397.68",46,72
"1219",25,5,"RWRR","250509002",NA,NA,"","",25,5,"RWRR","250509002","","",25,5,9,3,3,"PM",1,0,0,0,"0","","WHITE LAKE","411.4",46,85
"1220",25,5,"NS","159956",NA,NA,"","",25,5,"NS","159956","","",25,5,6,6,40,"PM",1,1,0,0,"0","","WILMORE","95.7",21,66
"1221",25,5,"CSX","000224932",NA,NA,"","",25,5,"CSX","000224932","","",25,5,17,11,15,"AM",4,0,0,0,"0","","WALBRIDGE","0116.0",39,65
"1222",25,5,"CSX","000224932",NA,NA,"","",25,5,"CSX","000224932","","",25,5,17,11,15,"AM",4,0,0,0,"0","","WALBRIDGE","0116.0",39,65
"1223",25,5,"LI","85275",25,5,"LORQ","INDUSTRY",25,5,"LI","85275","","",25,5,2,3,45,"AM",11,0,0,0,"0","","MALVERNE","17",36,57
"1224",25,5,"UP","0525GP007",NA,NA,"","",25,5,"UP","0525GP007","","",25,5,13,1,0,"AM",12,0,0,0,"0","","NORTH PLATTE","287.58",31,67
"1225",25,5,"CSX","000224836",NA,NA,"","",25,5,"CSX","000224836","","",25,5,10,5,20,"AM",1,0,0,0,"0","","SELKIRK","0015.0",36,55
"1226",25,5,"WE","250044",NA,NA,"","",25,5,"WE","250044","","",25,5,7,1,25,"AM",4,46,1,0,"0","","PITTSBURGH","56",42,52
"1227",25,5,"ATK","186187",NA,NA,"","",25,5,"ATK","186187","","",25,5,6,8,55,"PM",13,0,0,0,"0","","WASHINGTON","0000.0",11,50
"1228",25,5,"ATK","188328",NA,NA,"","",25,5,"ATK","188328","","",25,5,17,1,50,"AM",13,0,0,0,"0","","WASHINGTON","0000.0",11,66
"1229",25,5,"RCPE","RCP214925D",NA,NA,"","",25,5,"RCPE","RCP214925D","","",25,5,30,7,14,"PM",1,0,0,0,"0","","QUINN","585.85",46,77
"1230",25,5,"ATK","186654",NA,NA,"","",25,5,"CSX","000225230","","",25,5,28,7,44,"AM",9,0,0,0,"0","","SEVILLE","0728.0",12,89
"1231",25,5,"KCT","U25052230",25,5,"UP","0525HL018",25,5,"KCT","U25052230","","",25,5,22,7,14,"PM",1,0,0,0,"0","","KANSAS CITY","8.2",29,68
"1232",25,5,"NS","159942",NA,NA,"","",25,5,"NS","159942","","477192N",25,5,5,2,36,"AM",7,0,0,0,"0","","PONETO","CF158.",18,60
"1233",25,5,"CSX","000224786",NA,NA,"","",25,5,"CSX","000224786","","",25,5,9,2,30,"AM",1,0,0,0,"0","","SMYRNA","0013.0",13,70
"1234",25,5,"ATK","186465",NA,NA,"","",25,5,"NS","160411","","",25,5,18,9,49,"AM",9,0,0,0,"0","","MONROE","0166.0",51,80
"1235",25,5,"BNSF","CA0525118",NA,NA,"","",25,5,"BNSF","CA0525118","","",25,5,20,11,21,"PM",1,41,0,0,"0","","CARSON","26.6",6,64
"1236",25,5,"BNSF","CA0525120",NA,NA,"","",25,5,"BNSF","CA0525120","","",25,5,23,3,10,"PM",1,9,0,0,"0","","FRESNO","995.5",6,85
"1237",25,5,"BNSF","CH0525201",NA,NA,"","",25,5,"BNSF","CH0525201","","079957N",25,5,14,8,54,"AM",7,0,0,0,"0","","NELSON","359.0",55,73
"1238",25,5,"WC","1724281",NA,NA,"","",25,5,"WC","1724281","","692219K",25,5,8,12,52,"PM",7,48,0,0,"0","","PEWAUKEE","99.27",55,56
"1239",25,5,"CPKC","1002344479",NA,NA,"","",25,5,"CPKC","1002344479","","",25,5,30,8,20,"AM",13,20,6,0,"0","","BATON ROUGE","788",22,80
"1240",25,5,"BNSF","CH0525113",NA,NA,"","",25,5,"XAVI","INDUSTRY","","",25,5,28,2,35,"AM",1,0,0,0,"0","","HAGER CITY","389.8",55,50
"1241",25,5,"IORY","IOR197525D",NA,NA,"","",25,5,"IORY","IOR197525D","","",25,5,13,4,45,"PM",1,23,0,0,"0","","SPRINGFIELD","195.77",39,75
"1242",25,5,"RCPE","RCP197125D",NA,NA,"","",25,5,"RCPE","RCP197125D","","",25,5,11,3,15,"PM",1,0,0,0,"0","","BLUNT","114.7",46,91
"1243",25,5,"FOXY","250516005",NA,NA,"","",25,5,"FOXY","250516005","","",25,5,16,8,0,"PM",13,0,0,0,"0","","BELLEVUE","105.2",55,60
"1244",25,5,"NS","160411",25,5,"ATK","186465",25,5,"NS","160411","","",25,5,18,9,49,"AM",9,0,0,0,"0","","MONROE","166.10",51,71
"1245",25,5,"CSX","000225157",NA,NA,"","",25,5,"CSX","000225157","","",25,5,28,2,8,"PM",12,0,0,0,"0","","KENNESAW","0029.0",13,80
"1246",25,5,"CSX","000225201",NA,NA,"","",25,5,"CSX","000225201","","",25,5,30,1,56,"PM",1,0,0,0,"0","","JACKSONVILLE","0639.9",12,94
"1247",25,5,"DCR","250516DCR",NA,NA,"","",25,5,"DCR","250516DCR","","",25,5,16,7,30,"AM",1,0,0,0,"0","","FRANKFORD","39.6",10,70
"1248",25,5,"CSX","000224706",NA,NA,"","",25,5,"CSX","000224706","","",25,5,3,2,22,"AM",1,0,0,0,"0","","BIRMINGHAM","0389.0",1,69
"1249",25,5,"IC","1725598",25,5,"MSE","2501DERAIL",25,5,"IC","1725598","","",25,5,28,7,27,"AM",1,0,0,0,"0","","LUCEDALE","28.15",28,85
"1250",25,5,"UP","0525GC016",NA,NA,"","",25,5,"UP","0525GC016","","",25,5,16,12,0,"PM",12,0,0,0,"0","","LOTTIE","112.5",22,85
"1251",25,5,"NIRC","9419002760",NA,NA,"","",25,5,"NIRC","9419002760","","",25,5,15,6,59,"PM",12,0,0,0,"0","","CHICAGO","14.94",17,82
"1252",25,5,"UP","0525ME018",NA,NA,"","",25,5,"UP","0525ME018","","",25,5,14,6,0,"AM",12,0,0,0,"0","","TUCSON","985.7",4,62
"1253",25,5,"UP","0525GP007",NA,NA,"","",25,5,"UP","0525GP007","","",25,5,13,1,0,"AM",12,0,0,0,"0","","NORTH PLATTE","287.58",31,67
"1254",25,5,"CSX","000224840",NA,NA,"","",25,5,"CSX","000224840","","",25,5,12,8,0,"PM",13,0,0,0,"0","","CARTERSVILLE","0422.0",13,85
"1255",25,5,"CSX","000224787",NA,NA,"","",25,5,"CSX","000224787","","",25,5,9,5,0,"PM",1,0,0,0,"0","","WAYCROSS","0587.0",13,75
"1256",25,5,"GC","GCR203225D",NA,NA,"","",25,5,"GC","GCR203225D","","",25,5,19,6,0,"PM",1,0,0,0,"0","","MACON","1.2",13,90
"1257",25,4,"ATK","185871",NA,NA,"","",NA,NA,"CPKC","","","",25,4,16,2,50,"PM",9,0,0,0,"0","","PORT KENT","0157.0",36,39
"1258",25,4,"UP","0425MA008",NA,NA,"","",25,4,"UP","0425MA008","","",25,4,6,5,28,"AM",9,0,0,0,"0","","PINE BLUFF","263.5",5,49
"1259",25,4,"BNSF","PR0425107",NA,NA,"","",25,4,"BNSF","PR0425107","","",25,4,13,4,30,"AM",1,0,0,0,"0","","DENVER","541.0",8,63
"1260",25,4,"BNSF","PR0425112",NA,NA,"","",25,4,"BNSF","PR0425112","","",25,4,26,12,58,"AM",1,0,0,0,"0","","DENVER","541.0",8,51
"1261",25,4,"CFRC","25119",NA,NA,"","",25,4,"CFRC","25119","","",25,4,29,12,38,"PM",9,0,0,0,"0","","TAFT","799.78",12,83
"1262",25,4,"UP","0425GL021",NA,NA,"","",25,4,"UP","0425GL021","","",25,4,19,4,36,"AM",13,0,0,0,"0","","MARSHALLTOWN","152.5",19,40
"1263",25,4,"EIRR","250401004",NA,NA,"","",25,4,"EIRR","250401004","","",25,4,1,3,7,"PM",1,0,0,0,"0","","ASHTON","50.7",16,35
"1264",25,4,"EIRR","250424002",NA,NA,"","",25,4,"EIRR","250424002","","",25,4,24,1,25,"PM",1,0,0,0,"0","","REXBURG","25.4",16,65
"1265",25,4,"UP","0425HL008",NA,NA,"","",25,4,"UP","0425HL008","","",25,4,4,7,53,"PM",13,0,0,0,"0","","COFFEYVILLE","662.5",20,49
"1266",25,4,"BNSF","KS0425107",NA,NA,"","",25,4,"BNSF","KS0425107","","",25,4,5,1,30,"AM",1,30,0,0,"0","","KANSAS CITY","6.7",20,44
"1267",25,4,"NS","159758",NA,NA,"","",25,4,"CRSH","146992","","",25,4,13,1,0,"AM",1,0,0,0,"0","","NEWARK","001.00",34,37
"1268",25,4,"NS","159770",25,4,"ATK","185845",25,4,"NS","159770","","714610G",25,4,15,9,19,"AM",7,0,0,0,"0","","BRISTOW","036.30",51,64
"1269",25,4,"ATK","186071",NA,NA,"","",25,4,"ATK","186071","","",25,4,5,9,50,"PM",13,0,0,0,"0","","CHICAGO","0000.0",17,43
"1270",25,4,"ATK","185836",NA,NA,"","",25,4,"UP","0425MA024","","",25,4,15,5,5,"AM",9,0,0,0,"0","","EAST ALTON","0257.0",17,46
"1271",25,4,"ATK","185682",NA,NA,"","",25,4,"CSX","000224113","","624365G",25,4,4,5,43,"PM",7,0,0,0,"0","","TAMPA","0876.5",12,91
"1272",25,4,"NS","159769",NA,NA,"","",25,4,"NS","159769","","",25,4,15,2,22,"AM",13,1,0,0,"0","","DECATUR","D374.0",17,45
"1273",25,4,"TRRA","25021",25,4,"UP","0425MA032",25,4,"TRRA","25021","","",25,4,25,3,11,"PM",1,0,0,0,"0","","EAST ST LOUIS","3.37",17,79
"1274",25,4,"PTRA","2025012",25,4,"UP","0425HO051",25,4,"PTRA","2025012","","",25,4,12,5,50,"PM",12,6,0,0,"0","","HOUSTON","1",48,75
"1275",25,4,"UP","0425HO037",NA,NA,"","",25,4,"UP","0425HO037","","",25,4,20,8,49,"AM",12,0,0,0,"0","","HOUSTON","357.5",48,75
"1276",25,4,"CSX","000224480",NA,NA,"","",25,4,"CSX","000224480","","",25,4,24,5,15,"AM",12,0,0,0,"0","","WAYCROSS","0587.0",13,65
"1277",25,4,"CSX","000224480",NA,NA,"","",25,4,"CSX","000224480","","",25,4,24,5,15,"AM",12,0,0,0,"0","","WAYCROSS","0587.0",13,65
"1278",25,4,"BNSF","HL0425101",NA,NA,"","",25,4,"BNSF","HL0425101","","",25,4,2,7,0,"PM",1,0,0,0,"0","","BAY","432.0",5,75
"1279",25,4,"UP","0425HO037",NA,NA,"","",25,4,"UP","0425HO037","","",25,4,20,8,49,"AM",12,1,1,0,"0","","HOUSTON","357.5",48,75
"1280",25,4,"UP","0425HO020",NA,NA,"","",25,4,"UP","0425HO020","","",25,4,12,11,13,"AM",1,1,1,0,"0","","ANGLETON","319.01",48,79
"1281",25,4,"UP","0425RM021",NA,NA,"","",25,4,"UP","0425RM021","","",25,4,17,2,10,"AM",12,15,11,0,"0","","POCATELLO","213.75",16,56
"1282",25,4,"ALS","0425AS004",NA,NA,"","",25,4,"ALS","0425AS004","","",25,4,12,8,0,"AM",1,47,1,0,"0","","EAST ST LOUIS","3.38",17,42
"1283",25,4,"BNSF","CH0425111",NA,NA,"","",25,4,"BNSF","CH0425111","","",25,4,25,3,25,"AM",13,1,0,0,"0","","GALENA","171.5",17,56
"1284",25,4,"BNSF","HL0425101",NA,NA,"","",25,4,"BNSF","HL0425101","","",25,4,2,7,0,"PM",1,0,0,0,"0","","BAY","432.0",5,75
"1285",25,4,"UP","0425MA008",NA,NA,"","",25,4,"UP","0425MA008","","",25,4,6,5,28,"AM",9,0,0,0,"0","","PINE BLUFF","263.5",5,49
"1286",25,4,"ALS","0425AS016",25,4,"UP","0425MA032",25,4,"TRRA","25021","","",25,4,25,3,10,"PM",1,14,0,0,"0","","EAST ST LOUIS","3.37",17,79
"1287",25,4,"NS","159678",NA,NA,"","",25,4,"NS","159678","","",25,4,1,2,50,"AM",1,0,0,0,"0","","KEENSBURG","146.60",17,35
"1288",25,4,"UP","0425MA008",NA,NA,"","",25,4,"UP","0425MA008","","",25,4,6,5,28,"AM",9,0,0,0,"0","","PINE BLUFF","263.5",5,49
"1289",25,4,"CSX","000224402",NA,NA,"","",25,4,"CSX","000224402","","",25,4,20,4,30,"PM",12,0,0,0,"0","","LOUISVILLE","0006.0",21,78
"1290",25,4,"CSX","000224402",NA,NA,"","",25,4,"CSX","000224402","","",25,4,20,4,30,"PM",12,0,0,0,"0","","LOUISVILLE","0006.0",21,78
"1291",25,4,"UP","0425GP032",NA,NA,"","",25,4,"UP","0425GP032","","",25,4,30,10,30,"AM",1,0,0,0,"0","","HASTINGS","256.54",31,54
"1292",25,4,"UP","0425GP023",NA,NA,"","",25,4,"UP","0425GP023","","",25,4,20,1,36,"PM",12,0,0,0,"0","","NORTH PLATTE","288.0",31,54
"1293",25,4,"CSX","000224483",NA,NA,"","",25,4,"CSX","000224483","","",25,4,23,7,40,"PM",1,0,0,0,"0","","BRIDGEPORT","0123.0",1,65
"1294",25,4,"ATK","185642",NA,NA,"","",25,4,"ATK","185642","","",25,4,2,11,20,"AM",9,0,0,0,"0","","CORNWELLS HEIGHTS","0072.5",42,52
"1295",25,4,"CSX","000224554",NA,NA,"","",25,4,"CSX","000224554","","",25,4,28,5,40,"AM",1,0,0,0,"0","","WILLARD","0204.0",39,46
"1296",25,4,"UP","0425GP005",NA,NA,"","",25,4,"UP","0425GP005","","",25,4,5,4,30,"AM",1,0,0,0,"0","","BAYARD","129.5",31,20
"1297",25,4,"SEPA","SEPA040725",NA,NA,"","",25,4,"SEPA","SEPA040725","","",25,4,7,6,7,"AM",13,0,0,0,"175","","PHILADELPHIA","6.5",42,40
"1298",25,4,"UP","0425HQ007",NA,NA,"","",25,4,"UP","0425HQ007","","",25,4,25,7,0,"AM",11,0,0,0,"0","","TOPEKA","90.0",20,59
"1299",25,4,"CSX","000224123",NA,NA,"","",25,4,"CSX","000224123","","",25,4,5,12,45,"AM",1,0,0,0,"0","","BRADDOCK","0009.1",42,56
"1300",25,4,"WATX","250420002",NA,NA,"","",25,4,"DOWX","INDUSTRY","","",25,4,20,2,50,"AM",1,2,0,0,"0","","DEER PARK","0",48,75
"1301",25,4,"NS","159802",NA,NA,"","",25,4,"NS","159802","","",25,4,6,10,0,"PM",12,0,0,0,"0","","MOBILE","147.00",1,68
"1302",25,4,"CSX","000224236",NA,NA,"","",25,4,"CSX","000224236","","",25,4,6,11,0,"AM",9,0,0,0,"0","","STEVENSON","0113.0",1,60
"1303",25,4,"CSX","000224482",NA,NA,"","",25,4,"CSX","000224482","","352121U",25,4,23,5,50,"AM",7,0,0,0,"0","","FALKVILLE","0326.4",1,67
"1304",25,4,"NS","159885",NA,NA,"","",25,4,"NS","159885","","",25,4,29,4,15,"PM",4,72,0,0,"0","","ALTOONA","PT236.",42,87
"1305",25,4,"UP","0425TO030",NA,NA,"","",25,4,"UP","0425TO030","","763630B",25,4,21,9,39,"AM",7,5,0,0,"0","","LANCASTER","248.6",48,59
"1306",25,4,"UP","0425HO044",NA,NA,"","",25,4,"UP","0425HO044","","",25,4,28,6,0,"AM",1,0,0,0,"0","","GOODRICH","66.33",48,71
"1307",25,4,"NS","159885",NA,NA,"","",25,4,"NS","159885","","",25,4,29,4,15,"PM",4,10,0,0,"0","","ALTOONA","PT236.",42,87
"1308",25,4,"UP","0425HO051",25,4,"PTRA","2025012",25,4,"PTRA","2025012","","",25,4,12,5,50,"PM",12,50,0,0,"0","","HOUSTON","1.0",48,75
"1309",25,4,"BNSF","NW0425109",NA,NA,"","",25,4,"BNSF","NW0425109","","",25,4,12,8,47,"PM",1,0,0,0,"0","","PASCO","142.7",53,49
"1310",25,4,"BNSF","CA0425102",NA,NA,"","",25,4,"BNSF","CA0425102","","",25,4,2,5,40,"AM",1,0,0,0,"0","","FRESNO","996.2",6,45
"1311",25,4,"CSX","000224374",NA,NA,"","",25,4,"CSX","000224374","","",25,4,18,4,45,"AM",1,0,0,0,"0","","JAY","0024.8",23,32
"1312",25,4,"BRC","14874",25,4,"CSX","000224521",25,4,"BRC","14874","","",25,4,24,11,45,"PM",1,0,0,0,"0","","CHICAGO","",17,50
"1313",25,4,"BNSF","CA0425106",NA,NA,"","",25,4,"BNSF","CA0425106","","",25,4,5,6,20,"PM",1,0,0,0,"0","","BARSTOW","1.4",6,70
"1314",25,4,"ATK","185622",NA,NA,"","",25,4,"ATK","185622","","",25,4,2,1,10,"AM",1,0,0,0,"0","","POMEROY","42.6",42,32
"1315",25,4,"CSX","000224116",NA,NA,"","",25,4,"CSX","000224116","","",25,4,3,12,30,"AM",1,0,0,0,"0","","FOSTORIA","0039.3",39,40
"1316",25,4,"BNSF","KS0425106",NA,NA,"","",25,4,"BNSF","KS0425106","","",25,4,4,5,20,"PM",1,13,0,0,"0","","AMARILLO","335.2",48,52
"1317",25,4,"BNSF","RD0425124",NA,NA,"","",25,4,"ZWHE","INDUSTRY","","",25,4,27,2,30,"AM",1,0,0,0,"0","","PLAINVIEW","4.5",48,70
"1318",25,4,"SEPA","SEPA042925",NA,NA,"","",25,4,"SEPA","SEPA042925","","",25,4,29,7,33,"PM",11,0,0,0,"12","","PHILADELPHIA","9.3",42,75
"1319",25,4,"CSX","000224162",NA,NA,"","",25,4,"CSX","000224162","","",25,4,6,6,34,"PM",1,5,0,0,"0","","INDIANAPOLIS","0004.5",18,44
"1320",25,4,"BNSF","CA0425110",NA,NA,"","",25,4,"BNSF","CA0425110","","",25,4,12,10,20,"PM",1,0,0,0,"0","","BARSTOW","1.6",6,55
"1321",25,4,"BNSF","CA0425113",NA,NA,"","",25,4,"BNSF","CA0425113","","",25,4,19,10,15,"AM",1,0,0,0,"0","","FONTANA","46.7",6,65
"1322",25,4,"BNSF","KS0425103",NA,NA,"","",25,4,"BNSF","KS0425103","","",25,4,1,8,52,"AM",9,0,0,0,"0","","OLATHE","23.6",20,48
"1323",25,4,"SKOL","250425002",NA,NA,"","",25,4,"XTUC","INDUSTRY","","",25,4,25,9,40,"AM",1,10,4,0,"0","","CATOOSA","80.1",40,65
"1324",25,4,"UP","0425LA005",NA,NA,"","",25,4,"UP","0425LA005","","",25,4,6,6,2,"PM",9,0,0,0,"0","","LA PUENTE","502.09",6,80
"1325",25,4,"UP","0425LA005",NA,NA,"","",25,4,"UP","0425LA005","","",25,4,6,6,2,"PM",9,0,0,0,"0","","LA PUENTE","502.09",6,80
"1326",25,4,"UP","0425LA006",NA,NA,"","",25,4,"UP","0425LA006","","",25,4,6,5,55,"PM",1,0,0,0,"0","","LOS ANGELES","482.7",6,80
"1327",25,4,"UP","0425LA010",NA,NA,"","",25,4,"UP","0425LA010","","",25,4,8,12,45,"AM",1,0,0,0,"0","","MIRA LOMA","0.0",6,63
"1328",25,4,"UP","0425LA026",NA,NA,"","",25,4,"UP","0425LA026","","",25,4,15,9,3,"PM",9,0,0,0,"0","","BLOOMINGTON","535.65",6,61
"1329",25,4,"CSX","000224258",NA,NA,"","",25,4,"CSX","000224258","","",25,4,9,1,36,"AM",1,0,0,0,"0","","SELKIRK","0017.0",36,30
"1330",25,4,"LI","85110",NA,NA,"","",25,4,"LI","85110","","",25,4,11,4,45,"PM",1,0,0,0,"0","","RICHMOND HILL","8.5",36,45
"1331",25,4,"UP","0425GP023",NA,NA,"","",25,4,"UP","0425GP023","","",25,4,20,1,36,"PM",12,0,0,0,"0","","NORTH PLATTE","288.0",31,54
"1332",25,4,"LSRC","D250424",25,4,"HESR","HES174525O",25,4,"LSRC","D250424","","",25,4,24,3,50,"PM",1,0,0,0,"0","","SAGINAW","5.3",26,73
"1333",25,4,"UP","0425MA021",NA,NA,"","",25,4,"UP","0425MA021","","",25,4,14,1,10,"PM",1,0,0,0,"0","","SHREVEPORT","451.98",22,80
"1334",25,4,"CRSH","146996",25,4,"NS","159790",25,4,"CRSH","146996","","",25,4,16,4,45,"PM",9,0,0,0,"0","","NEWARK","1",34,50
"1335",25,4,"CRSH","146992",25,4,"NS","146992",25,4,"CRSH","146992","","",25,4,13,1,0,"AM",1,0,0,0,"0","","NEWARK","1",34,41
"1336",25,4,"NJTR","202504256",NA,NA,"","",25,4,"NJTR","202504256","","",25,4,19,2,25,"AM",1,0,0,0,"0","","Bay Head","38.0",34,55
"1337",25,4,"UP","0425PR013",NA,NA,"","",25,4,"UP","0425PR013","","",25,4,26,9,50,"AM",12,0,0,0,"0","","ROCHELLE","77.0",17,46
"1338",25,4,"UP","0425RM021",NA,NA,"","",25,4,"UP","0425RM021","","",25,4,17,2,10,"AM",12,0,0,0,"0","","POCATELLO","213.75",16,56
"1339",25,4,"NJTR","202504211",NA,NA,"","",25,4,"NJTR","202504211","","586106P",25,4,1,8,19,"PM",7,0,0,0,"0","","MAYS LANDING","46.7",34,48
"1340",25,4,"UP","0425PR013",NA,NA,"","",25,4,"UP","0425PR013","","",25,4,26,9,50,"AM",12,0,0,0,"0","","ROCHELLE","77.0",17,46
"1341",25,4,"NS","159790",NA,NA,"","",25,4,"CRSH","159790","","",25,4,16,4,43,"PM",9,0,0,0,"0","","NEWARK","003.45",34,52
"1342",25,4,"MBTA","2548",NA,NA,"","",25,4,"MBTA","2548","","546731R",25,4,9,1,39,"PM",8,0,0,0,"0","","CANTON","16.7",25,39
"1343",25,4,"GTW","1722536",NA,NA,"","",25,4,"GTW","1722536","","",25,4,1,12,40,"AM",13,0,0,0,"0","","DURAND","67",26,27
"1344",25,4,"UP","0425ES046",25,4,"XMNL","INDUSTRY",25,4,"UP","0425ES046","","",25,4,16,1,50,"PM",9,0,0,0,"0","","NORTH PLATTE","286.82",31,75
"1345",25,4,"CSX","000224059",25,4,"ATK","185620",25,4,"CSX","000224059","","637382K",25,4,1,7,38,"PM",7,0,0,0,"0","","HORTENSE","0567.3",13,72
"1346",25,4,"GTW","1723849",NA,NA,"","",25,4,"GTW","1723849","","",25,4,28,9,35,"AM",1,18,0,0,"0","","LANSING","208.37",26,74
"1347",25,4,"CSX","000224300",NA,NA,"","",25,4,"CSX","000224300","","",25,4,13,9,30,"PM",4,0,0,0,"0","","ROCKY MOUNT","0121.0",37,51
"1348",25,4,"CSX","000224219",NA,NA,"","",25,4,"CSX","000224219","","",25,4,9,6,50,"PM",1,0,0,0,"0","","FLATWOODS","0525.0",21,52
"1349",25,4,"GC","GCR155325D",NA,NA,"","",25,4,"GC","GCR155325D","","",25,4,2,7,30,"PM",1,0,0,0,"0","","DRY BRANCH","9.7",13,70
"1350",25,4,"ATK","185620",NA,NA,"","",25,4,"CSX","000224059","","637382K",25,4,1,7,38,"PM",7,0,0,0,"0","","HORTENSE","0567.3",13,72
"1351",25,4,"CAGY","CAG176825R",NA,NA,"","",25,4,"XSDY","INDUSTRY","","",25,4,28,12,0,"AM",1,0,0,0,"0","","COLUMBUS","4",28,75
"1352",25,4,"TNER","TNE183025D",NA,NA,"","",25,4,"TNER","TNE183025D","","",25,4,30,11,30,"PM",13,0,0,0,"0","","DENISON","658.6",48,61
"1353",25,4,"ATK","185768",NA,NA,"","",25,4,"ATK","185768","","",25,4,2,1,30,"PM",2,0,0,0,"0","","WASHINGTON","0000.0",11,57
"1354",25,4,"UP","0425PN016",NA,NA,"","",25,4,"UP","0425PN016","","",25,4,19,5,40,"AM",1,5,0,0,"0","","SEATTLE","181.0",53,54
"1355",25,4,"BNSF","PR0425113",NA,NA,"","",25,4,"BNSF","PR0425113","","",25,4,27,7,15,"PM",1,0,0,0,"0","","BINGHAM","321.3",31,68
"1356",25,4,"ATK","185768",NA,NA,"","",25,4,"ATK","185768","","",25,4,2,1,30,"PM",2,0,0,0,"0","","WASHINGTON","0000.0",11,57
"1357",25,4,"UP","0425PN014",NA,NA,"","",25,4,"UP","0425PN014","","",25,4,17,9,15,"AM",12,0,0,0,"0","","STANFIELD","186.77",41,34
"1358",25,4,"PATH","PATH0802F",NA,NA,"","",25,4,"PATH","PATH0802F","","",25,4,9,1,1,"AM",9,0,0,0,"0","","HOBOKEN","20",34,50
"1359",25,4,"RLAX","RLAX42125",NA,NA,"","",25,4,"RLAX","RLAX42125","","",25,4,21,5,0,"AM",4,0,0,0,"0","","BAYTOWN","",48,64
"1360",25,4,"UP","0425MA032",25,4,"ALS","0425AS016",25,4,"TRRA","25021","","",25,4,25,3,10,"PM",1,3,0,0,"0","","EAST ST LOUIS","3.37",17,79
"1361",25,4,"NOGC","NOGC0044F",NA,NA,"","",25,4,"NOGC","NOGC0044F","","",25,4,18,1,11,"PM",1,7,0,0,"0","","GRETNA","3.9",22,82
"1362",25,4,"IC","1723462",NA,NA,"","",25,4,"IC","1723462","","",25,4,20,2,45,"PM",12,1,1,0,"0","","CENTRALIA","255.3",17,80
"1363",25,4,"UP","0425PN014",NA,NA,"","",25,4,"UP","0425PN014","","",25,4,17,9,15,"AM",12,0,0,0,"0","","STANFIELD","186.77",41,34
"1364",25,4,"BNSF","KS0425103",NA,NA,"","",25,4,"BNSF","KS0425103","","",25,4,1,8,52,"AM",9,0,0,0,"0","","OLATHE","23.6",20,48
"1365",25,4,"UP","0425GL002",NA,NA,"","",25,4,"UP","0425GL002","","",25,4,2,12,6,"PM",9,3,0,0,"0","","SCRANTON","242.41",19,58
"1366",25,4,"UP","0425TO038",25,4,"ATK","185987",25,4,"UP","0425TO038","","764085P",25,4,24,5,17,"PM",7,0,0,0,"0","","CLINT","806.92",48,84
"1367",25,4,"ATK","185704",NA,NA,"","",25,4,"CSX","000226157","","",25,4,7,1,38,"AM",9,0,0,0,"0","","SILVER GROVE","0629.0",21,25
"1368",25,4,"ATK","185913",NA,NA,"","",25,4,"ATK","185913","","",25,4,20,12,30,"AM",9,0,0,0,"0","","CHICAGO","0000.0",17,50
"1369",25,4,"CSX","000224521",NA,NA,"","",25,4,"BRC","14874","","",25,4,24,11,45,"PM",1,1,1,0,"0","","CHICAGO","0009.0",17,50
"1370",25,4,"KAW","250404001",25,4,"BNSF","254028",25,4,"KAW","250404001","","",25,4,4,2,0,"AM",1,0,0,0,"0","","NORTH KANSAS CITY","0.4",29,40
"1371",25,4,"CSX","000226157",25,4,"ATK","185704",25,4,"CSX","000226157","","",25,4,7,1,38,"AM",9,0,0,0,"0","","FOSTER","0629.0",21,25
"1372",25,4,"ATK","185987",NA,NA,"","",25,4,"UP","0425TO038","","764085P",25,4,24,5,17,"PM",7,0,0,0,"0","","CLINT","0806.9",48,84
"1373",25,4,"UP","0425HO039",NA,NA,"","",25,4,"UP","0425HO039","","",25,4,22,1,18,"AM",12,0,0,0,"0","","HOUSTON","357.57",48,71
"1374",25,4,"BNSF","NW0425107",NA,NA,"","",25,4,"BNSF","NW0425107","","",25,4,12,12,1,"AM",1,0,0,0,"0","","SEATTLE","4.0",53,46
"1375",25,4,"UP","0425RM024",NA,NA,"","",25,4,"UP","0425RM024","","",25,4,23,7,30,"AM",1,0,0,0,"0","","GREEN RIVER","547.47",49,44
"1376",25,4,"CSX","000224300",NA,NA,"","",25,4,"CSX","000224300","","",25,4,13,9,30,"PM",4,0,0,0,"0","","ROCKY MOUNT","0121.0",37,51
"1377",25,4,"UP","0425HO039",NA,NA,"","",25,4,"UP","0425HO039","","",25,4,22,1,18,"AM",12,0,0,0,"0","","HOUSTON","357.57",48,71
"1378",25,4,"UP","0425HL017",NA,NA,"","",25,4,"UP","0425HL017","","",25,4,20,4,25,"PM",12,13,1,0,"0","","KANSAS CITY","281.0",29,53
"1379",25,4,"UP","0425HL017",NA,NA,"","",25,4,"UP","0425HL017","","",25,4,20,4,25,"PM",12,0,0,0,"0","","KANSAS CITY","281.0",29,53
"1380",25,4,"UP","0425TO022",NA,NA,"","",25,4,"PSOZ","INDUSTRY","","",25,4,15,6,25,"PM",1,0,0,0,"0","","OOLOGAH","621.28",40,64
"1381",25,4,"UP","0425TO024",NA,NA,"","",25,4,"UP","0425TO024","","",25,4,15,2,8,"PM",1,15,0,0,"0","","BARSTOW","637.0",48,72
"1382",25,4,"BNSF","NW0425105",NA,NA,"","",25,4,"ZCOQ","INDUSTRY","","",25,4,10,5,20,"PM",1,0,0,0,"0","","KLAMATH FALLS","3.4",41,70
"1383",25,4,"UP","0425MA024",25,4,"ATK","185836",25,4,"UP","0425MA024","","",25,4,15,5,14,"AM",9,0,0,0,"0","","ALTON","256.8",17,48
"1384",25,4,"ATK","186050",NA,NA,"","",25,4,"ATK","186050","","",25,4,23,10,50,"PM",1,0,0,0,"0","","WASHINGTON","0000.0",11,45
"1385",25,4,"IC","1723462",NA,NA,"","",25,4,"IC","1723462","","",25,4,20,2,45,"PM",12,0,0,0,"0","","CENTRALIA","255.3",17,80
"1386",25,4,"TRRA","25020",25,4,"ALS","0425AS004",25,4,"TRRA","25020","","",25,4,12,8,0,"AM",1,0,0,0,"0","","EAST ST LOUIS","3.38",17,42
"1387",25,4,"BNSF","NW0425102",NA,NA,"","",25,4,"BNSF","NW0425102","","",25,4,3,7,10,"PM",1,6,0,0,"0","","PASCO","146.8",53,60
"1388",25,4,"BNSF","MT0425203",25,4,"ATK","185832",25,4,"BNSF","MT0425203","","081583K",25,4,12,6,33,"PM",7,0,0,0,"0","","BAINVILLE","158.8",30,55
"1389",25,4,"UP","0425GP030",NA,NA,"","",25,4,"UP","0425GP030","","",25,4,28,4,47,"PM",12,0,0,0,"0","","NORTH PLATTE","287.4",31,76
"1390",25,4,"LI","85150",NA,NA,"","",25,4,"LI","85150","","338159G",25,4,17,8,20,"PM",7,0,0,0,"0","","EAST FARMINGDALE","32.4",36,39
"1391",25,4,"BNSF","HL0425123",NA,NA,"","",25,4,"BNSF","HL0425123","","",25,4,30,3,6,"AM",1,0,0,0,"0","","MEMPHIS","495.7",47,60
"1392",25,4,"HESR","HES150925O",25,4,"GTW","1722536",25,4,"HESR","HES150925O","","",25,4,1,12,40,"AM",13,0,0,0,"0","","DURAND","67.5",26,27
"1393",25,4,"UP","0425GP030",NA,NA,"","",25,4,"UP","0425GP030","","",25,4,28,4,47,"PM",12,0,0,0,"0","","NORTH PLATTE","287.4",31,76
"1394",25,4,"CSX","000224943",25,4,"ATK","185868",25,4,"CSX","000224943","","",25,4,16,11,10,"AM",9,0,0,0,"0","","DANESE","0371.9",54,48
"1395",25,4,"CSX","000224488",NA,NA,"","",25,4,"CSX","000224488","","",25,4,24,4,37,"PM",12,0,0,0,"0","","NASHVILLE","0190.0",47,80
"1396",25,4,"CSX","000224113",25,4,"ATK","185682",25,4,"CSX","000224113","","624365G",25,4,4,5,43,"PM",7,0,0,0,"0","","TAMPA","0876.5",12,90
"1397",25,4,"CSX","000224623",NA,NA,"","",25,4,"CSX","000224623","","",25,4,30,10,0,"PM",1,0,0,0,"0","","TAMPA","0844.0",12,88
"1398",25,4,"BNSF","HL0425107",NA,NA,"","",25,4,"BNSF","HL0425107","","",25,4,6,4,47,"AM",9,0,0,0,"0","","MEMPHIS","487.9",47,50
"1399",25,4,"ATK","185845",NA,NA,"","",25,4,"NS","159770","","714610G",25,4,15,9,19,"AM",7,0,0,0,"0","","MANASSAS","0036.3",51,52
"1400",25,4,"CSX","000224567",NA,NA,"","",25,4,"CSX","000224567","","",25,4,22,5,26,"AM",9,0,0,0,"0","","CARTERSVILLE","0421.0",13,72
"1401",25,4,"BNSF","PR0425108",NA,NA,"","",25,4,"BNSF","PR0425108","","",25,4,15,4,30,"AM",1,0,0,0,"0","","CASPER","202.3",56,18
"1402",25,4,"GTW","1722781",NA,NA,"","",25,4,"GTW","1722781","","",25,4,5,7,36,"AM",12,0,0,0,"0","","FLINT","274.5",26,40
"1403",25,4,"BNSF","MT0425106",NA,NA,"","",25,4,"BNSF","MT0425106","","",25,4,17,11,40,"PM",1,0,0,0,"0","","GREAT FALLS","1.3",30,40
"1404",25,4,"HESR","HES174525O",25,4,"LSRC","D250424",25,4,"HESR","HES174525O","","",25,4,24,3,50,"PM",1,0,0,0,"0","","SAGINAW","5.3",26,73
"1405",25,4,"CSX","000224488",NA,NA,"","",25,4,"CSX","000224488","","",25,4,24,4,37,"PM",12,0,0,0,"0","","NASHVILLE","0190.0",47,80
"1406",25,4,"ATK","185832",NA,NA,"","",25,4,"BNSF","MT0425203","","081583K",25,4,12,6,33,"PM",7,0,0,0,"0","","BAINVILLE","0158.8",30,60
"1407",25,3,"SFRV","03252025",NA,NA,"","",25,3,"SFRV","03252025","","",25,3,25,10,58,"AM",9,0,0,0,"0","","FORT LAUDERDALE","1010.1",12,86
"1408",25,3,"NJTR","202503149",NA,NA,"","",25,3,"NJTR","202503149","","",25,3,5,11,20,"AM",1,0,0,0,"0","","Newark","0.1",34,50
"1409",25,3,"NJTR","202503154",NA,NA,"","",25,3,"NJTR","202503154","","",25,3,7,6,5,"AM",9,0,0,0,"0","","TOWACO","25.8",34,50
"1410",25,3,"NJTR","202503176",NA,NA,"","",25,3,"NJTR","202503176","","",25,3,13,9,45,"PM",1,0,0,0,"0","","Newark","0.1",34,40
"1411",25,3,"LI","84884",NA,NA,"","",25,3,"LI","84884","","",25,3,12,2,38,"PM",1,0,0,0,"0","","RICHMOND HILL","8.1",36,53
"1412",25,3,"ATK","185426",NA,NA,"","",25,3,"ATK","185426","","",25,3,22,10,16,"AM",13,0,0,0,"0","","HYDE PARK","0220.3",25,55
"1413",25,3,"UP","0325HL009",NA,NA,"","",25,3,"UP","0325HL009","","",25,3,8,7,28,"PM",12,0,0,0,"0","","HERINGTON","171.0",20,44
"1414",25,3,"BNSF","KS0325104",NA,NA,"","",25,3,"BNSF","KS0325104","","",25,3,3,7,1,"AM",1,1,0,0,"0","","AMARILLO","559.0",48,58
"1415",25,3,"BNSF","RD0325204",NA,NA,"","",25,3,"BNSF","RD0325204","","597094D",25,3,2,8,22,"PM",7,0,0,0,"0","","TOMBALL","77.9",48,54
"1416",25,3,"PTRA","2025007",NA,NA,"","",25,3,"PTRA","2025007","","",25,3,13,8,53,"PM",4,0,0,0,"0","","HOUSTON","1",48,60
"1417",25,3,"KO","250319002",NA,NA,"","",25,3,"KO","250319002","","",25,3,19,10,30,"AM",1,0,0,0,"0","","BISON","582.7",20,31
"1418",25,3,"PTRA","2025007",NA,NA,"","",25,3,"PTRA","2025007","","",25,3,13,8,53,"PM",4,1,0,0,"0","","HOUSTON","1",48,60
"1419",25,3,"NS","159455",NA,NA,"","",25,3,"NS","159455","","",25,3,9,9,25,"PM",1,0,0,0,"0","","CHATTANOOGA","335.00",47,50
"1420",25,3,"CSX","000223466",NA,NA,"","",25,3,"CSX","000223466","","",25,3,3,12,40,"PM",1,0,0,0,"0","","SPRING HILL","0220.8",47,64
"1421",25,3,"CSX","000223638",NA,NA,"","",25,3,"CSX","000223638","","",25,3,11,7,24,"PM",1,0,0,0,"0","","NASHVILLE","0190.0",47,75
"1422",25,3,"UP","0325RM006",NA,NA,"","",25,3,"UP","0325RM006","","",25,3,6,7,0,"AM",11,1,0,0,"0","","OGDEN","745.5",49,40
"1423",25,3,"BNSF","KS0325105",NA,NA,"","",25,3,"BNSF","KS0325105","","",25,3,3,11,5,"AM",13,0,0,0,"0","","KANSAS CITY","5.4",20,57
"1424",25,3,"BNSF","KS0325115",NA,NA,"","",25,3,"BNSF","KS0325115","","",25,3,22,9,53,"AM",1,0,0,0,"0","","KANSAS CITY","6.1",20,55
"1425",25,3,"KYLE","KYL476725",NA,NA,"","",25,3,"KYLE","KYL476725","","",25,3,19,11,25,"PM",1,0,0,0,"0","","DOWNS","538.5",20,30
"1426",25,3,"KYLE","KYL476725",NA,NA,"","",25,3,"KYLE","KYL476725","","",25,3,19,11,25,"PM",1,0,0,0,"0","","DOWNS","538.5",20,30
"1427",25,3,"KNWA","250319007",NA,NA,"","",25,3,"KNWA","250319007","","",25,3,19,1,50,"PM",1,0,0,0,"0","","KINCAID","425",54,70
"1428",25,3,"BNSF","HL0325118",NA,NA,"","",25,3,"IC","1721561","","",25,3,17,6,0,"AM",1,0,0,0,"0","","MEMPHIS","393.0",47,48
"1429",25,3,"UP","0325RM021",NA,NA,"","",25,3,"UP","0325RM021","","",25,3,28,1,5,"PM",1,0,0,0,"0","","GREEN RIVER","817.3",56,52
"1430",25,3,"CSX","000223580",NA,NA,"","",25,3,"CSX","000223580","","",25,3,7,9,12,"PM",1,0,0,0,"0","","AUGUSTA","0459.0",13,50
"1431",25,3,"UP","0325RM022",NA,NA,"","",25,3,"ZSPL","INDUSTRY","","",25,3,31,5,0,"AM",1,66,9,0,"0","","ROCK SPRINGS","796.0",56,31
"1432",25,3,"BNSF","HL0325107",NA,NA,"","",25,3,"BNSF","HL0325107","","",25,3,7,10,50,"AM",1,0,0,0,"0","","MEMPHIS","495.8",47,63
"1433",25,3,"NS","159476",NA,NA,"","",25,3,"NS","159476","","",25,3,12,1,0,"AM",1,0,0,0,"0","","LIVINGSTON","259.9",1,49
"1434",25,3,"CSX","000223775",NA,NA,"","",25,3,"CSX","000223775","","352318V",25,3,18,5,4,"AM",7,0,0,0,"0","","THORSBY","0438.4",1,40
"1435",25,3,"BNSF","PR0325110",NA,NA,"","",25,3,"XTLB","INDUSTRY","","",25,3,13,4,20,"PM",1,0,0,0,"0","","CHEYENNE","119.4",56,56
"1436",25,3,"MBTA","2535",NA,NA,"","",25,3,"MBTA","2535","","",25,3,8,4,24,"PM",12,0,0,0,"0","","MANCHESTER","27",25,40
"1437",25,3,"CSX","000224000",NA,NA,"","",25,3,"CSX","000224000","","",25,3,30,4,48,"PM",1,0,0,0,"0","","SELKIRK","0015.0",36,45
"1438",25,3,"BNSF","HL0325113",NA,NA,"","",25,3,"BNSF","HL0325113","","",25,3,11,1,45,"AM",1,0,0,0,"0","","MEMPHIS","496.6",47,61
"1439",25,3,"UP","0325GP013",NA,NA,"","",25,3,"UP","0325GP013","","",25,3,16,11,31,"AM",12,0,0,0,"0","","NORTH PLATTE","287.07",31,41
"1440",25,3,"CSX","000223497",NA,NA,"","",25,3,"VM","INDUSTRY","","",25,3,1,3,30,"AM",12,0,0,0,"0","","JESSUP","0016.1",24,32
"1441",25,3,"CSX","000223497",NA,NA,"","",25,3,"VM","INDUSTRY","","",25,3,1,3,30,"AM",12,0,0,0,"0","","JESSUP","0016.1",24,32
"1442",25,3,"CSX","000224101",25,3,"ATK","185064",25,3,"CSX","000224101","","",25,3,1,3,41,"AM",9,0,0,0,"0","","CLEVELAND","0175.0",39,40
"1443",25,3,"BNSF","CH0325102",NA,NA,"","",25,3,"BNSF","CH0325102","","",25,3,8,5,47,"PM",13,0,0,0,"0","","GORIN","275.1",29,44
"1444",25,3,"UP","0325MA046",NA,NA,"","",25,3,"UP","0325MA046","","",25,3,28,2,19,"AM",1,0,0,0,"0","","MEMPHIS","380.46",47,65
"1445",25,3,"IC","1722012",NA,NA,"","",25,3,"IC","1722012","","931485T",25,3,20,5,30,"PM",7,0,0,0,"0","","MEMPHIS","394.2",47,67
"1446",25,3,"IORY","IOR122425D",NA,NA,"","",25,3,"IORY","IOR122425D","","",25,3,7,7,30,"AM",1,0,0,0,"0","","LIMA","131.8",39,38
"1447",25,3,"UP","0325ES001",NA,NA,"","",25,3,"UP","0325ES001","","",25,3,1,11,0,"AM",9,0,0,0,"0","","RIDGECREST","430.13",6,64
"1448",25,3,"UP","0325ES001",NA,NA,"","",25,3,"UP","0325ES001","","",25,3,1,11,0,"AM",9,0,0,0,"0","","RIDGECREST","430.13",6,64
"1449",25,3,"UP","0325NC014",25,3,"ATK","185167",25,3,"UP","0325NC014","","751678U",25,3,7,5,4,"PM",7,0,0,0,"0","","RICHMOND","10.86",6,67
"1450",25,3,"CSX","000223905",25,3,"ATK","185420",25,3,"CSX","000223905","","624353M",25,3,22,2,8,"PM",7,0,0,0,"0","","SEFFNER","0871.9",12,69
"1451",25,3,"BNSF","HL0325107",NA,NA,"","",25,3,"BNSF","HL0325107","","",25,3,7,10,50,"AM",1,0,0,0,"0","","MEMPHIS","495.8",47,63
"1452",25,3,"NS","159412",NA,NA,"","",25,3,"NS","159412","","",25,3,5,3,30,"AM",12,0,0,0,"0","","BELLEVUE","B245.0",39,40
"1453",25,3,"UP","0325LA048",NA,NA,"","",25,3,"UP","0325LA048","","",25,3,29,8,0,"AM",1,3,3,0,"0","","BLOOMINGTON","535.66",6,54
"1454",25,3,"CSX","000223686",NA,NA,"","",25,3,"CSX","000223686","","",25,3,14,2,30,"AM",4,0,0,0,"0","","CURTIS BAY","0004.0",24,45
"1455",25,3,"CSX","000223686",NA,NA,"","",25,3,"CSX","000223686","","",25,3,14,2,30,"AM",4,0,0,0,"0","","CURTIS BAY","0004.0",24,45
"1456",25,3,"NS","159412",NA,NA,"","",25,3,"NS","159412","","",25,3,5,3,30,"AM",12,1,0,0,"0","","BELLEVUE","B245.0",39,40
"1457",25,3,"NS","159392",NA,NA,"","",25,3,"NS","159392","","",25,3,3,3,21,"AM",12,0,0,0,"0","","BELLEVUE","B244.5",39,22
"1458",25,3,"UP","0325NC018",NA,NA,"","",25,3,"UP","0325NC018","","",25,3,14,8,0,"AM",13,0,0,0,"0","","MOUNT SHASTA","354.0",6,33
"1459",25,3,"AWRR","250319006",NA,NA,"","",25,3,"AWRR","250319006","","",25,3,19,6,30,"PM",1,0,0,0,"0","","MARBLE FALLS","122.1",48,68
"1460",25,3,"ATK","185064",NA,NA,"","",25,3,"CSX","000224101","","",25,3,1,3,41,"AM",9,0,0,0,"0","","EUCLID","0175.0",39,21
"1461",25,3,"BNSF","HL0325126",NA,NA,"","",25,3,"BNSF","HL0325126","","",25,3,27,7,38,"PM",1,0,0,0,"0","","MEMPHIS","497.6",47,72
"1462",25,3,"SFRV","03202025",NA,NA,"","",25,3,"SFRV","03202025","","628146G",25,3,20,5,20,"AM",7,0,0,0,"0","","LAKE WORTH","977.2",12,68
"1463",25,3,"UP","0325NC019",NA,NA,"","",25,3,"UP","0325NC019","","",25,3,15,7,32,"PM",1,0,0,0,"0","","DUNSMUIR","323.2",6,35
"1464",25,3,"BLF","20250390",NA,NA,"","",25,3,"FEC","X19030325","","272514F",25,3,3,7,41,"PM",7,0,0,0,"0","","DEERFIELD BEACH","327.95",12,71
"1465",25,3,"WE","250026",NA,NA,"","",25,3,"XNLS","INDUSTRY","","",25,3,21,8,15,"AM",1,0,0,0,"0","","WAYNESBURG","60",39,42
"1466",25,3,"UP","0325HO011",NA,NA,"","",25,3,"UP","0325HO011","","",25,3,7,2,34,"AM",12,0,0,0,"0","","HOUSTON","357.49",48,60
"1467",25,3,"UP","0325SX004",NA,NA,"","",25,3,"UP","0325SX004","","",25,3,8,6,15,"AM",1,0,0,0,"0","","SAN ANTONIO","202.56",48,67
"1468",25,3,"UP","0325TO020",NA,NA,"","",25,3,"UP","0325TO020","","",25,3,21,4,15,"AM",1,15,2,0,"0","","VAN HORN","697.67",48,48
"1469",25,3,"BNSF","SW0325103",NA,NA,"","",25,3,"TPWZ","INDUSTRY","","",25,3,9,11,30,"PM",1,0,0,0,"0","","SPRINGERVILLE","25.7",4,29
"1470",25,3,"BNSF","SW0325104",NA,NA,"","",25,3,"BNSF","SW0325104","","",25,3,14,4,45,"AM",1,0,0,0,"0","","PHOENIX","193",4,45
"1471",25,3,"UP","0325TO033",NA,NA,"","",25,3,"UP","0325TO033","","415993L",25,3,31,7,9,"AM",7,0,0,0,"0","","ALVARADO","223.81",48,52
"1472",25,3,"PGBX","RAI121025R",NA,NA,"","",25,3,"XULM","INDUSTRY","","",25,3,6,4,55,"AM",1,0,0,0,"0","","PORT ALLEN","",22,51
"1473",25,3,"MNCW","84865",25,3,"ATK","185210",25,3,"MNCW","84865","","",25,3,10,12,42,"PM",13,0,0,0,"0","","FAIRFIELD","52.2",9,64
"1474",25,3,"UP","0325GL013",NA,NA,"","",25,3,"UP","0325GL013","","",25,3,14,10,58,"PM",12,0,0,0,"0","","COUNCIL BLUFFS","0.19",19,39
"1475",25,3,"UP","0325GL013",NA,NA,"","",25,3,"UP","0325GL013","","",25,3,14,10,58,"PM",12,0,0,0,"0","","COUNCIL BLUFFS","0.19",19,39
"1476",25,3,"ALS","0325AS011",NA,NA,"","",25,3,"ALS","0325AS011","","",25,3,23,9,30,"PM",12,0,0,0,"0","","EAST ST LOUIS","3.0",17,54
"1477",25,3,"ALS","0325AS011",NA,NA,"","",25,3,"ALS","0325AS011","","",25,3,23,9,30,"PM",12,0,0,0,"0","","EAST ST LOUIS","3.0",17,54
"1478",25,3,"NCTC","FY2522347",NA,NA,"","",25,3,"NCTC","FY2522347","","027590C",25,3,4,1,7,"PM",6,0,0,0,"0","","ESCONDIDO","119.9",6,63
"1479",25,3,"BNSF","TC0325109",NA,NA,"","",25,3,"BNSF","TC0325109","","",25,3,14,4,12,"AM",1,0,0,0,"0","","FRIDLEY","13.8",27,40
"1480",25,3,"UP","0325HL012",NA,NA,"","",25,3,"UP","0325HL012","","",25,3,10,5,16,"PM",1,0,0,0,"0","","KANSAS CITY","5.5",20,75
"1481",25,3,"UP","0325HO017",NA,NA,"","",25,3,"INVZ","INDUSTRY","","",25,3,14,5,10,"PM",1,0,0,0,"0","","VICTORIA","4.0",48,79
"1482",25,3,"RBMN","R03302501",NA,NA,"","",25,3,"RBMN","R03302501","","",25,3,30,10,24,"AM",1,0,0,0,"0","","READING","63.5",42,42
"1483",25,3,"BNSF","CH0325112",NA,NA,"","",25,3,"BNSF","CH0325112","","",25,3,23,6,57,"AM",13,0,0,0,"0","","GALESBURG","165.2",17,52
"1484",25,3,"JVRR","JVRRD3625",NA,NA,"","",25,3,"JVRR","JVRRD3625","","",25,3,6,12,5,"PM",1,0,0,0,"0","","LEWISTOWN","6",42,35
"1485",25,3,"NS","159586",NA,NA,"","",25,3,"NS","159586","","",25,3,22,1,20,"AM",5,0,0,0,"0","","ATLANTA","148.00",13,42
"1486",25,3,"CSX","000223574",NA,NA,"","",25,3,"CSX","000223574","","",25,3,7,12,0,"AM",1,0,0,0,"0","","WAYCROSS","0587.0",13,64
"1487",25,3,"CSX","000223629",NA,NA,"","",25,3,"CSX","000223629","","145197F",25,3,10,2,46,"PM",7,0,0,0,"0","","FRIEDENS","0012.6",42,55
"1488",25,3,"FWWR","25031301",NA,NA,"","",25,3,"FWWR","25031301","","",25,3,13,10,0,"AM",1,0,0,0,"0","","CRESSON","",48,76
"1489",25,3,"SKOL","250305002",NA,NA,"","",25,3,"SKOL","250305002","","",25,3,5,4,20,"AM",1,0,0,0,"0","","CHERRYVALE","155.9",20,31
"1490",25,3,"UP","0325GP034",25,3,"ATK","185191",25,3,"UP","0325GP034","","",25,3,6,1,11,"PM",9,0,0,0,"0","","BURNS","143.0",8,38
"1491",25,3,"SEPA","SEPA032725",NA,NA,"","",25,3,"SEPA","SEPA032725","","",25,3,27,12,52,"AM",1,0,0,0,"0","","PHILADELPHIA","5.1",42,39
"1492",25,3,"NS","159561",NA,NA,"","",25,3,"NS","159561","","",25,3,19,2,50,"AM",1,0,0,0,"0","","WEST FAIRVIEW","EP070.",42,47
"1493",25,3,"NS","159456",NA,NA,"","",25,3,"NS","159456","","",25,3,10,4,45,"AM",4,4,4,0,"0","","CONWAY","PC023.",42,34
"1494",25,3,"NS","159456",NA,NA,"","",25,3,"NS","159456","","",25,3,10,4,45,"AM",4,2,2,0,"0","","CONWAY","PC023.",42,34
"1495",25,3,"BNSF","CA0325114",NA,NA,"","",25,3,"BNSF","CA0325114","","",25,3,19,3,17,"PM",1,0,0,0,"0","","CARSON","27.5",6,76
"1496",25,3,"MNCW","85034",NA,NA,"","",25,3,"MNCW","85034","","",25,3,29,9,5,"AM",12,0,0,0,"0","","STAMFORD","33.3",9,50
"1497",25,3,"MNCW","85034",NA,NA,"","",25,3,"MNCW","85034","","",25,3,29,9,5,"AM",12,0,0,0,"0","","STAMFORD","33.3",9,50
"1498",25,3,"NS","159455",NA,NA,"","",25,3,"NS","159455","","",25,3,9,9,25,"PM",1,0,0,0,"0","","CHATTANOOGA","335.00",47,50
"1499",25,3,"CRSH","146982",NA,NA,"","",25,3,"CRSH","146982","","",25,3,10,3,9,"PM",1,0,0,0,"0","","NEWARK","1",34,64
"1500",25,3,"BNSF","TC0325113",NA,NA,"","",25,3,"BNSF","TC0325113","","",25,3,18,8,30,"AM",1,0,0,0,"0","","MINNEAPOLIS","12.4",27,40
"1501",25,3,"BNSF","TC0325103",NA,NA,"","",25,3,"BNSF","TC0325103","","",25,3,4,11,57,"AM",1,0,0,0,"0","","MINNEAPOLIS","12.9",27,44
"1502",25,3,"NS","159586",NA,NA,"","",25,3,"NS","159586","","",25,3,22,1,20,"AM",5,0,0,0,"0","","ATLANTA","148.00",13,42
"1503",25,3,"BNSF","TC0325115",NA,NA,"","",25,3,"BNSF","TC0325115","","",25,3,25,3,0,"PM",1,0,0,0,"0","","CARLTON","34.0",27,45
"1504",25,3,"NS","159452",NA,NA,"","",25,3,"NS","159452","","",25,3,8,10,56,"AM",9,0,0,0,"0","","BONAIRE","261.44",13,63
"1505",25,3,"NS","159452",NA,NA,"","",25,3,"NS","159452","","",25,3,8,10,56,"AM",9,0,0,0,"0","","BONAIRE","261.44",13,63
"1506",25,3,"PW","PWR124525D",NA,NA,"","",25,3,"PW","PWR124525D","","",25,3,9,11,39,"AM",1,44,6,0,"0","","WORCESTER","41.5",25,36
"1507",25,3,"AGR","AGR137525D",NA,NA,"","",25,3,"AGR","AGR137525D","","",25,3,20,3,0,"PM",1,8,0,0,"0","","BOLIGEE","697.92",1,43
"1508",25,3,"KRR","KRR118625D",NA,NA,"","",25,3,"KRR","KRR118625D","","",25,3,2,11,30,"AM",1,2,0,0,"0","","ASHDOWN","782.25",5,65
"1509",25,3,"ATK","185167",NA,NA,"","",25,3,"UP","0325NC014","","751678U",25,3,7,5,3,"PM",7,0,0,0,"0","","RICHMOND","0010.9",6,50
"1510",25,3,"RBMN","R03282501",NA,NA,"","",25,3,"RBMN","R03282501","","",25,3,28,8,10,"AM",1,0,0,0,"0","","GORDON","122",42,39
"1511",25,3,"UP","0325HO017",NA,NA,"","",25,3,"INVZ","INDUSTRY","","",25,3,14,5,10,"PM",1,3,3,0,"0","","VICTORIA","4.0",48,79
"1512",25,3,"NS","159514",NA,NA,"","",25,3,"NS","159514","","328025F",25,3,15,8,50,"PM",7,0,0,0,"0","","WOOD RIVER","AE018.",17,45
"1513",25,3,"ATK","185368",NA,NA,"","",25,3,"ATK","185368","","545603E",25,3,18,5,15,"PM",7,0,0,0,"0","","MICHIGAN CITY","0224.0",18,65
"1514",25,3,"NS","159392",NA,NA,"","",25,3,"NS","159392","","",25,3,3,3,21,"AM",12,0,0,0,"0","","BELLEVUE","B244.5",39,22
"1515",25,3,"SCAX","030525",NA,NA,"","",25,3,"UP","0325LA011","","810977P",25,3,5,5,23,"AM",7,0,0,0,"0","","MIRA LOMA","47.06",6,57
"1516",25,3,"CSX","000223989",NA,NA,"","",25,3,"CSX","000223989","","",25,3,28,10,40,"PM",1,3,0,0,"0","","BAY MINETTE","0642.0",1,70
"1517",25,3,"ATK","185420",NA,NA,"","",25,3,"CSX","000223905","","624353M",25,3,22,2,7,"PM",7,0,0,0,"0","","TAMPA","0871.9",12,69
"1518",25,3,"SCAX","033125",NA,NA,"","",25,3,"UP","0325LA050","","745870K",25,3,31,2,10,"PM",7,0,0,0,"0","","CAMARILLO","410.4",6,64
"1519",25,3,"SCAX","032525A",NA,NA,"","",25,3,"UP","0325LA035","","745855H",25,3,25,7,13,"PM",7,0,0,0,"0","","OXNARD","406.25",6,64
"1520",25,3,"BNSF","RD0325133",NA,NA,"","",25,3,"BNSF","RD0325133","","",25,3,28,10,17,"PM",1,0,0,0,"0","","HASLET","364.4",48,70
"1521",25,3,"BNSF","CA0325101",NA,NA,"","",25,3,"BNSF","CA0325101","","",25,3,3,4,30,"AM",1,0,0,0,"0","","BARSTOW","1.5",6,50
"1522",25,3,"BNSF","CA0325110",NA,NA,"","",25,3,"BNSF","CA0325110","","",25,3,15,11,5,"PM",1,0,0,0,"0","","RIVERBANK","1094.6",6,43
"1523",25,3,"MNCW","85000",NA,NA,"","",25,3,"MNCW","85000","","",25,3,27,6,18,"PM",12,0,0,0,"0","","STAMFORD","33.3",9,47
"1524",25,3,"FEC","X19030325",25,3,"BLF","20250390",25,3,"FEC","X19030325","","272514F",25,3,3,7,41,"PM",7,0,0,0,"0","","DEERFIELD BEACH","327.95",12,71
"1525",25,3,"BNSF","CH0325116",NA,NA,"","",25,3,"BNSF","CH0325116","","",25,3,28,1,0,"PM",1,3,0,0,"0","","GALESBURG","163.4",17,60
"1526",25,3,"RBMN","R03212501",NA,NA,"","",25,3,"RBMN","R03212501","","",25,3,21,9,15,"AM",1,0,0,0,"0","","HOMETOWN","108.7",42,35
"1527",25,3,"MBTA","2529",NA,NA,"","",25,3,"MBTA","2529","","546731R",25,3,5,6,12,"PM",7,0,0,0,"0","","CANTON","16.7",25,45
"1528",25,3,"UP","0325HO020",NA,NA,"","",25,3,"UP","0325HO020","","",25,3,16,11,35,"AM",1,0,0,0,"0","","ODEM","154.93",48,73
"1529",25,3,"UP","0325HO011",NA,NA,"","",25,3,"UP","0325HO011","","",25,3,7,2,34,"AM",12,0,0,0,"0","","HOUSTON","357.49",48,60
"1530",25,3,"UP","0325HO011",NA,NA,"","",25,3,"UP","0325HO011","","",25,3,7,2,34,"AM",12,0,0,0,"0","","HOUSTON","357.49",48,60
"1531",25,3,"MNCW","84968",NA,NA,"","",25,3,"MNCW","84968","","",25,3,22,8,53,"PM",9,0,0,0,"0","","PATTERSON","58.6",36,59
"1532",25,3,"UTAH","UTA148925R",NA,NA,"","",25,3,"XRKE","INDUSTRY","","",25,3,31,2,30,"AM",1,0,0,0,"0","","MAGNA","",49,44
"1533",25,3,"CSX","000223841",NA,NA,"","",25,3,"CSX","000223841","","",25,3,19,2,12,"PM",1,0,0,0,"0","","SAVANNAH","0496.0",13,80
"1534",25,3,"CSX","000223427",NA,NA,"","",25,3,"CSX","000223427","","",25,3,2,4,30,"AM",1,35,1,0,"0","","MADISONVILLE","0268.3",21,25
"1535",25,3,"CSX","000223470",NA,NA,"","",25,3,"CSX","000223470","","",25,3,2,9,15,"PM",12,0,0,0,"0","","WAYCROSS","0587.0",13,40
"1536",25,3,"CSX","000223470",NA,NA,"","",25,3,"CSX","000223470","","",25,3,2,9,15,"PM",12,0,0,0,"0","","WAYCROSS","0587.0",13,40
"1537",25,3,"CSX","000223418",NA,NA,"","",25,3,"CSX","000223418","","",25,3,1,11,35,"AM",12,0,0,0,"0","","WAYCROSS","0587.0",13,78
"1538",25,3,"CSX","000223418",NA,NA,"","",25,3,"CSX","000223418","","",25,3,1,11,35,"AM",12,0,0,0,"0","","WAYCROSS","0587.0",13,78
"1539",25,3,"UP","0325GL013",NA,NA,"","",25,3,"UP","0325GL013","","",25,3,14,10,58,"PM",12,0,0,0,"0","","COUNCIL BLUFFS","0.19",19,39
"1540",25,3,"UP","0325GL016",NA,NA,"","",25,3,"UP","0325GL016","","",25,3,18,11,30,"PM",1,0,0,0,"0","","COUNCIL BLUFFS","0.75",19,46
"1541",25,3,"UP","0325MA007",NA,NA,"","",25,3,"UP","0325MA007","","",25,3,9,12,30,"AM",9,11,0,0,"0","","PINE BLUFF","264.13",5,45
"1542",25,3,"UP","0325MA013",NA,NA,"","",25,3,"UP","0325MA013","","",25,3,11,3,55,"PM",12,1,1,1,"0","","NORTH LITTLE ROCK","341.25",5,81
"1543",25,3,"UP","0325MA013",NA,NA,"","",25,3,"UP","0325MA013","","",25,3,11,3,55,"PM",12,0,0,0,"0","","NORTH LITTLE ROCK","341.25",5,81
"1544",25,3,"UP","0325RM019",NA,NA,"","",25,3,"UP","0325RM019","","",25,3,24,10,49,"AM",1,0,0,0,"0","","ROCK RIVER","605.0",56,48
"1545",25,3,"UP","0325LA035",25,3,"SCAX","032525A",25,3,"UP","0325LA035","","745855H",25,3,25,7,13,"PM",7,0,0,0,"0","","OXNARD","406.23",6,64
"1546",25,3,"WC","1721515",25,3,"GRW","GRW0008F",25,3,"WC","1721515","","",25,3,15,12,2,"AM",12,0,0,0,"0","","GARY","45.4",18,65
"1547",25,3,"WC","1720760",NA,NA,"","",25,3,"WC","1720760","","",25,3,1,6,13,"PM",12,0,0,0,"0","","GARY","45.4",18,32
"1548",25,3,"GRW","GRW0008F",25,3,"WC","1721515",25,3,"WC","1721515","","",25,3,15,12,2,"AM",4,0,0,0,"0","","GARY","0.0",18,65
"1549",25,3,"UP","0325GP011",NA,NA,"","",25,3,"UP","0325GP011","","",25,3,6,11,36,"PM",13,0,0,0,"0","","NORTH PLATTE","287.97",31,36
"1550",25,3,"NS","159604",NA,NA,"","",25,3,"NS","159604","","",25,3,23,11,30,"PM",12,0,0,0,"0","","IRONDALE","791.00",1,70
"1551",25,3,"SLR","SLR144225A",NA,NA,"","",25,3,"SLR","SLR144225A","","",25,3,25,10,30,"AM",1,0,0,0,"0","","STARK","115.2",33,35
"1552",25,3,"UP","0325LA011",25,3,"SCAX","030525",25,3,"UP","0325LA011","","810977P",25,3,5,5,23,"AM",7,0,0,0,"0","","MIRA LOMA","47.06",6,57
"1553",25,3,"BNSF","CH0325115",NA,NA,"","",25,3,"BNSF","CH0325115","","",25,3,28,4,15,"AM",12,0,0,0,"0","","GALESBURG","164.8",17,45
"1554",25,3,"ATK","185349",NA,NA,"","",25,3,"CSX","000223846","","224242R",25,3,17,4,22,"PM",7,0,0,0,"0","","NORGE","0044.6",51,59
"1555",25,3,"UP","0325PN023",25,3,"XPBT","INDUSTRY",25,3,"UP","0325PN023","","",25,3,21,8,45,"AM",13,0,0,0,"0","","PORTLAND","1.81",41,48
"1556",25,3,"CSX","000223846",25,3,"ATK","185349",25,3,"CSX","000223846","","224242R",25,3,17,4,22,"PM",7,0,0,0,"0","","WILLIAMSBURG","0044.6",51,59
"1557",25,3,"CSX","000223842",NA,NA,"","",25,3,"CSX","000223842","","",25,3,20,3,30,"PM",1,0,0,0,"0","","BIG ISLAND","0165.0",51,52
"1558",25,3,"ATK","185134",NA,NA,"","",25,3,"ATK","185134","","",25,3,6,8,51,"AM",9,0,0,0,"0","","GERMANTOWN","0104.6",36,50
"1559",25,3,"UP","0325NC003",NA,NA,"","",25,3,"UP","0325NC003","","",25,3,2,8,30,"AM",1,23,0,0,"0","","ELKO","559.26",32,26
"1560",25,3,"NS","159604",NA,NA,"","",25,3,"NS","159604","","",25,3,23,11,30,"PM",12,0,0,0,"0","","IRONDALE","791.00",1,70
"1561",25,3,"NS","159565",NA,NA,"","",25,3,"NS","159565","","",25,3,20,9,0,"PM",13,0,0,0,"0","","MUNCIE","172.4",18,30
"1562",25,3,"NS","159565",NA,NA,"","",25,3,"NS","159565","","",25,3,20,9,0,"PM",13,20,4,0,"0","","MUNCIE","172.4",18,30
"1563",25,3,"IC","1721984",25,3,"NIRC","9419002669",25,3,"IC","1721984","","289740F",25,3,20,4,35,"PM",7,0,0,0,"0","","ROMEOVILLE","27.09",17,37
"1564",25,3,"UP","0325GL009",NA,NA,"","",25,3,"UP","0325GL009","","",25,3,8,9,30,"PM",1,0,0,0,"0","","MANKATO","83.8",27,39
"1565",25,3,"UP","0325RM024",NA,NA,"","",25,3,"UP","0325RM024","","",25,3,20,8,22,"AM",13,0,0,0,"0","","MONTPELIER","114.9",16,18
"1566",25,3,"GNBC","G03262025",NA,NA,"","",25,3,"SLWC","250326005","","",25,3,26,5,20,"PM",1,0,0,0,"0","","SNYDER","744",40,80
"1567",25,3,"CSX","000223948",NA,NA,"","",25,3,"CSX","000223948","","",25,3,26,6,0,"AM",4,0,0,0,"0","","NORTH CHARLESTON","0390.0",45,55
"1568",25,3,"CSX","000223807",NA,NA,"","",25,3,"CSX","000223807","","",25,3,19,9,5,"AM",1,0,0,0,"0","","BARTOW","0852.6",12,57
"1569",25,3,"BNSF","MT0325108",NA,NA,"","",25,3,"BNSF","MT0325108","","",25,3,30,1,0,"AM",13,0,0,0,"0","","BOZEMAN","128.7",30,34
"1570",25,3,"CSX","000224272",NA,NA,"","",25,3,"CSX","000224272","","",25,3,20,1,59,"AM",12,0,0,0,"0","","CINCINNATI","0110.0",39,56
"1571",25,3,"UP","0325HL028",NA,NA,"","",25,3,"UP","0325HL028","","",25,3,27,3,47,"PM",1,0,0,0,"0","","KANSAS CITY","280.11",29,76
"1572",25,3,"ATK","185296",NA,NA,"","",25,3,"CSX","000223669","","631962F",25,3,12,7,20,"PM",7,0,0,0,"0","","MONCKS CORNER","0365.2",45,75
"1573",25,3,"CSX","000223669",25,3,"ATK","185296",25,3,"CSX","000223669","","631962F",25,3,12,7,20,"PM",7,0,0,0,"0","","MONCKS CORNER","0365.2",45,66
"1574",25,3,"UP","0325HL016",NA,NA,"","",25,3,"UP","0325HL016","","",25,3,17,3,3,"PM",1,0,0,0,"0","","KANSAS CITY","280.0",29,73
"1575",25,3,"CSX","000223948",NA,NA,"","",25,3,"CSX","000223948","","",25,3,26,6,0,"AM",4,0,0,0,"0","","NORTH CHARLESTON","0390.0",45,55
"1576",25,3,"BNSF","SW0325104",NA,NA,"","",25,3,"BNSF","SW0325104","","",25,3,14,4,45,"AM",1,0,0,0,"0","","PHOENIX","193.0",4,45
"1577",25,3,"UP","0325LA030",NA,NA,"","",25,3,"UP","0325LA030","","",25,3,23,1,30,"PM",1,2,2,0,"0","","RILLITO","967.0",4,76
"1578",25,3,"UP","0325GL010",NA,NA,"","",25,3,"UP","0325GL010","","",25,3,10,1,55,"PM",1,0,0,0,"0","","MISSOURI VALLEY","326.02",19,66
"1579",25,3,"UP","0325HL030",NA,NA,"","",25,3,"UP","0325HL030","","",25,3,28,3,25,"AM",1,0,0,0,"0","","ONAGA","110.13",20,66
"1580",25,3,"UP","0325HL026",NA,NA,"","",25,3,"UP","0325HL026","","",25,3,27,3,6,"AM",1,0,0,0,"0","","TOPEKA","68.9",20,52
"1581",25,3,"ALS","0325AS003",NA,NA,"","",25,3,"ALS","0325AS003","","",25,3,7,10,0,"AM",1,0,0,0,"0","","EAST ST LOUIS","2.85",17,51
"1582",25,3,"CSX","000223981",NA,NA,"","",25,3,"CSX","000223981","","",25,3,27,8,15,"PM",5,0,0,0,"0","","RUSSELL","0524.0",21,50
"1583",25,3,"NS","159481",NA,NA,"","",25,3,"NS","159481","","",25,3,12,9,5,"AM",12,4,0,0,"0","","SHELBYVILLE","304.80",21,50
"1584",25,3,"NS","159481",NA,NA,"","",25,3,"NS","159481","","",25,3,12,9,5,"AM",12,0,0,0,"0","","SHELBYVILLE","304.80",21,50
"1585",25,3,"CSX","000223981",NA,NA,"","",25,3,"CSX","000223981","","",25,3,27,8,15,"PM",5,0,0,0,"0","","RUSSELL","0524.0",21,50
"1586",25,3,"UP","0325MA009",25,3,"ATK","185108",25,3,"UP","0325MA009","","",25,3,4,7,48,"PM",9,0,0,0,"0","","MORRISON","92.0",29,46
"1587",25,3,"CSX","000223937",NA,NA,"","",25,3,"CSX","000223937","","",25,3,25,4,8,"PM",1,0,0,0,"0","","TYRONE","0836.1",13,75
"1588",25,3,"CSX","000224117",NA,NA,"","",25,3,"CSX","000224117","","",25,3,31,3,35,"AM",9,19,0,0,"0","","HAROLD","0094.2",21,49
"1589",25,3,"BNSF","SW0325109",NA,NA,"","",25,3,"BNSF","SW0325109","","",25,3,24,7,0,"PM",1,0,0,0,"0","","BELEN","883.8",35,75
"1590",25,3,"UP","0325MA003",NA,NA,"","",25,3,"UP","0325MA003","","",25,3,6,10,30,"AM",12,0,0,0,"0","","SHREVEPORT","323.13",22,57
"1591",25,3,"UP","0325MA003",NA,NA,"","",25,3,"UP","0325MA003","","",25,3,6,10,30,"AM",12,0,0,0,"0","","SHREVEPORT","323.13",22,57
"1592",25,3,"CSX","000223425",NA,NA,"","",25,3,"CSX","000223425","","",25,3,1,5,15,"PM",1,0,0,0,"0","","CORBIN","0172.0",21,39
"1593",25,3,"BNSF","KS0325105",NA,NA,"","",25,3,"BNSF","KS0325105","","",25,3,3,11,5,"AM",13,0,0,0,"0","","KANSAS CITY","5.4",20,57
"1594",25,3,"ATK","185108",NA,NA,"","",25,3,"UP","0325MA009","","",25,3,4,7,45,"PM",9,0,0,0,"0","","MORRISON","0092.0",29,46
"1595",25,3,"BNSF","RD0325118",NA,NA,"","",25,3,"BNSF","RD0325118","","",25,3,16,6,34,"AM",1,0,0,0,"0","","TULSA","426.1",40,39
"1596",25,3,"SLWC","250326005",25,3,"GNBC","G03262025",25,3,"SLWC","250326005","","",25,3,26,5,20,"PM",1,0,0,0,"0","","SNYDER","744",40,80
"1597",25,3,"ATK","185191",NA,NA,"","",25,3,"UP","0325GP034","","",25,3,6,1,11,"PM",9,0,0,0,"0","","BURNS","0143.0",8,43
"1598",25,3,"CSX","000223847",NA,NA,"","",25,3,"CSX","000223847","","",25,3,20,8,53,"PM",1,0,0,0,"0","","CONNELLSVILLE","0270.4",42,43
"1599",25,3,"ATK","185559",NA,NA,"","",25,3,"ATK","185559","","",25,3,27,7,23,"AM",13,0,0,0,"0","","NEW HAVEN","0074.0",9,51
"1600",25,3,"ATK","185210",NA,NA,"","",25,3,"MNCW","84865","","",25,3,10,12,28,"PM",13,0,0,0,"0","","FAIRFIELD","0052.3",9,57
"1601",25,3,"MNCW","85000",NA,NA,"","",25,3,"MNCW","85000","","",25,3,27,6,18,"PM",12,0,0,0,"0","","STAMFORD","33.3",9,47
"1602",25,3,"UP","0325LA050",25,3,"SCAX","033125",25,3,"UP","0325LA050","","745870K",25,3,31,2,10,"PM",7,0,0,0,"0","","CAMARILLO","410.7",6,64
"1603",25,3,"EIRR","250306004",NA,NA,"","",25,3,"EIRR","250306004","","812018D",25,3,6,1,55,"PM",7,0,0,0,"0","","SUGAR CITY","29.5",16,31
"1604",25,3,"NS","159588",NA,NA,"","",25,3,"NS","159588","","",25,3,21,8,50,"PM",1,0,0,0,"0","","CHICAGO","CD514.",17,45
"1605",25,3,"UP","0325MA043",NA,NA,"","",25,3,"ALS","0325AS013","","",25,3,25,12,18,"AM",12,6,0,0,"0","","EAST ST LOUIS","4.0",17,50
"1606",25,3,"UP","0325MA043",NA,NA,"","",25,3,"ALS","0325AS013","","",25,3,25,12,18,"AM",12,0,0,0,"0","","EAST ST LOUIS","4.0",17,50
"1607",25,3,"UP","0325PR013",NA,NA,"","",25,3,"UP","0325PR013","","",25,3,25,11,41,"AM",1,0,0,0,"0","","MELROSE PARK","12.5",17,46
"1608",25,3,"UP","0325GC007",NA,NA,"","",25,3,"UP","0325GC007","","",25,3,9,10,30,"PM",9,0,0,0,"0","","WESTLAKE","221.08",22,52
"1609",25,3,"UP","0325GC024",NA,NA,"","",25,3,"UP","0325GC024","","",25,3,28,3,0,"AM",12,0,0,0,"0","","LOTTIE","112.6",22,65
"1610",25,3,"UP","0325GC024",NA,NA,"","",25,3,"UP","0325GC024","","",25,3,28,3,0,"AM",12,0,0,0,"0","","LOTTIE","112.6",22,65
"1611",25,3,"NCTS","FY2522347",NA,NA,"","",25,3,"NCTS","FY2522347","","027590C",25,3,4,1,7,"PM",7,0,0,0,"0","","ESCONDIDO","119.9",6,63
"1612",25,3,"CSX","000223614",NA,NA,"","",25,3,"CSX","000223614","","",25,3,10,9,48,"PM",1,0,0,0,"0","","BIRMINGHAM","0389.0",1,60
"1613",25,3,"BNSF","HL0325120",NA,NA,"","",25,3,"BNSF","HL0325120","","",25,3,19,6,50,"AM",1,0,0,0,"0","","BIRMINGHAM","732.9",1,60
"1614",25,3,"ALS","0325AS003",NA,NA,"","",25,3,"ALS","0325AS003","","",25,3,7,10,0,"AM",1,0,0,0,"0","","EAST ST LOUIS","2.85",17,51
"1615",25,3,"ALS","0325AS013",25,3,"UP","0325MA043",25,3,"ALS","0325AS013","","",25,3,25,12,18,"AM",12,0,0,0,"0","","EAST ST LOUIS","4.0",17,50
"1616",25,3,"NIRC","9419002669",NA,NA,"","",25,3,"IC","1721984","","289740F",25,3,20,4,35,"PM",7,0,0,0,"0","","ROMEOVILLE","27.09",17,37
"1617",25,3,"BNSF","CH0325108",NA,NA,"","",25,3,"BNSF","CH0325108","","",25,3,18,5,25,"PM",1,0,0,0,"0","","GALESBURG","163.2",17,38
"1618",25,3,"BNSF","KS0325101",NA,NA,"","",25,3,"BNSF","KS0325101","","",25,3,1,8,15,"AM",1,24,0,0,"0","","EMPORIA","112.4",20,60
"1619",25,3,"BNSF","HL0325202",NA,NA,"","",25,3,"BNSF","HL0325202","","083381U",25,3,17,9,25,"AM",7,0,0,0,"0","","PHILLIPS","87.4",31,65
"1620",25,3,"UP","0325GP006",NA,NA,"","",25,3,"UP","0325GP006","","",25,3,4,10,50,"AM",9,8,8,0,"0","","SUTHERLAND","306.0",31,35
"1621",25,3,"UP","0325GP004",NA,NA,"","",25,3,"UP","0325GP004","","",25,3,4,12,54,"PM",1,0,0,0,"0","","NORTH PLATTE","287.04",31,34
"1622",25,3,"UP","0325GP031",NA,NA,"","",25,3,"UP","0325GP031","","",25,3,31,4,0,"PM",1,0,0,0,"0","","MITCHELL","160.62",31,46
"1623",25,3,"UP","0325GP013",NA,NA,"","",25,3,"UP","0325GP013","","",25,3,16,11,31,"AM",12,0,0,0,"0","","NORTH PLATTE","287.07",31,41
"1624",25,3,"BNSF","NW0325114",NA,NA,"","",25,3,"BNSF","NW0325114","","",25,3,19,11,19,"AM",1,0,0,0,"0","","SPOKANE","67.7",53,46
"1625",25,3,"ATK","185341",NA,NA,"","",25,3,"IC","1723802","","",25,3,15,4,30,"PM",9,0,0,0,"0","","OSYKA","0824.0",28,73
"1626",25,3,"IC","1723802",NA,NA,"","",25,3,"IC","1723802","","",25,3,15,4,30,"PM",9,0,0,0,"0","","OSYKA","824",28,73
"1627",25,2,"KYLE","KYL088925D",NA,NA,"","",25,2,"KYLE","KYL088925D","","",25,2,2,5,15,"PM",1,0,0,0,"0","","CONCORDIA","93",20,55
"1628",25,2,"UP","0225HL003",NA,NA,"","",25,2,"UP","0225HL003","","",25,2,4,5,0,"PM",1,3,0,0,"0","","WICHITA","482.56",20,26
"1629",25,2,"NS","159265",NA,NA,"","",25,2,"NS","159265","","",25,2,15,2,25,"PM",12,0,0,0,"0","","PORTSMOUTH","N605.3",39,41
"1630",25,2,"NS","159372",NA,NA,"","",25,2,"NS","159372","","904794J",25,2,26,8,57,"AM",7,8,0,0,"0","","SIMPSONVILLE","301.54",21,56
"1631",25,2,"UP","0225HL030",NA,NA,"","",25,2,"UP","0225HL030","","",25,2,28,5,53,"PM",1,32,2,0,"0","","PARSONS","386.0",20,72
"1632",25,2,"CSX","000223330",NA,NA,"","",25,2,"CSX","000223330","","",25,2,24,12,23,"AM",12,1,0,0,"0","","WAYCROSS","0587.0",13,70
"1633",25,2,"CSX","000223330",NA,NA,"","",25,2,"CSX","000223330","","",25,2,24,12,23,"AM",12,1,1,1,"0","","WAYCROSS","0587.0",13,70
"1634",25,2,"TRRA","25008",25,2,"CSX","000222940",25,2,"TRRA","25008","","",25,2,3,4,40,"PM",12,0,0,0,"0","","VENICE","8",17,61
"1635",25,2,"CSX","000222956",NA,NA,"","",25,2,"CSX","000222956","","",25,2,4,5,0,"AM",1,0,0,0,"0","","BIRMINGHAM","0389.0",1,50
"1636",25,2,"UP","0225RM008",NA,NA,"","",25,2,"UP","0225RM008","","812804G",25,2,11,10,45,"AM",7,10,0,0,"0","","PAUL","288.47",16,18
"1637",25,2,"CSX","000223238",NA,NA,"","",25,2,"CSX","000223238","","",25,2,21,6,56,"PM",4,0,0,0,"0","","WAYCROSS","0587.0",13,50
"1638",25,2,"PSAP","PSA110325R",NA,NA,"","",25,2,"BNSF","NW0225108","","",25,2,21,9,46,"PM",1,0,0,0,"0","","CENTRALIA","52.6",53,48
"1639",25,2,"CSX","000223419",NA,NA,"","",25,2,"CSX","000223419","","",25,2,28,9,15,"AM",12,0,0,0,"0","","WAYCROSS","0587.0",13,72
"1640",25,2,"BNSF","MT0225108",NA,NA,"","",25,2,"BNSF","MT0225108","","",25,2,16,7,0,"AM",1,0,0,0,"0","","POPLAR","207.9",30,-20
"1641",25,2,"CSX","000223238",NA,NA,"","",25,2,"CSX","000223238","","",25,2,21,6,56,"PM",4,0,0,0,"0","","WAYCROSS","0587.0",13,50
"1642",25,2,"NS","159250",NA,NA,"","",25,2,"XADM","INDUSTRY","","",25,2,13,11,15,"PM",4,0,0,0,"0","","BATTLE CREEK","MH119.",26,15
"1643",25,2,"BNSF","MT0225112",NA,NA,"","",25,2,"BNSF","MT0225112","","",25,2,24,7,30,"PM",1,0,0,0,"0","","MILES CITY","94.4",30,35
"1644",25,2,"CSX","000223416",NA,NA,"","",25,2,"CSX","000223416","","",25,2,28,11,0,"AM",13,0,0,0,"0","","BALTIMORE","0088.0",24,55
"1645",25,2,"ATK","184661",NA,NA,"","",25,2,"NS","159208","","716252G",25,2,11,4,30,"AM",7,0,0,0,"0","","BESSEMER CITY","0408.1",37,41
"1646",25,2,"CSX","000223406",NA,NA,"","",25,2,"CSX","000223406","","",25,2,28,6,28,"AM",1,0,0,0,"0","","NEWBERRY","0043.0",45,54
"1647",25,2,"IC","1719678",NA,NA,"","",25,2,"IC","1719678","","",25,2,6,4,50,"PM",1,0,0,0,"0","","JACKSON","218.59",28,78
"1648",25,2,"BNSF","HL0225119",NA,NA,"","",25,2,"BNSF","HL0225119","","",25,2,18,8,8,"PM",13,0,0,0,"0","","SLEEPER","175.6",29,6
"1649",25,2,"ATK","184899",NA,NA,"","",25,2,"UP","0225LA037","","745870K",25,2,21,2,48,"PM",7,0,0,0,"0","","CAMARILLO","0410.4",6,45
"1650",25,2,"CSX","000223419",NA,NA,"","",25,2,"CSX","000223419","","",25,2,28,9,15,"AM",12,0,0,0,"0","","WAYCROSS","0587.0",13,72
"1651",25,2,"CDOT","184808",NA,NA,"","",25,2,"MNCW","84712","","",25,2,20,12,8,"AM",1,0,0,0,"0","","NEW HAVEN","72.4",9,21
"1652",25,2,"EIRR","250204003",NA,NA,"","",25,2,"EIRR","250204003","","",25,2,4,5,20,"PM",1,0,0,0,"0","","JEROME","39.4",16,45
"1653",25,2,"ATK","184613",25,2,"UP","0225NC030",25,2,"UP","0225NC030","","",25,2,8,12,35,"PM",5,0,0,0,"0","","EMIGRANT GAP","0165.0",6,37
"1654",25,2,"UP","0225HL023",NA,NA,"","",25,2,"BNSF","RD0225206","","673835V",25,2,21,7,30,"PM",7,0,0,0,"0","","ENID","340.55",40,22
"1655",25,2,"UP","0225HL009",NA,NA,"","",25,2,"UP","0225HL009","","",25,2,8,2,47,"AM",1,0,0,0,"0","","KANSAS CITY","278.4",29,36
"1656",25,2,"NS","159257",NA,NA,"","",25,2,"NS","159257","","",25,2,14,7,49,"PM",1,31,0,0,"0","","BIRMINGHAM","AG149.",1,55
"1657",25,2,"NYA","NYA0159F",NA,NA,"","",25,2,"LI","84648","","338149B",25,2,11,9,46,"AM",13,0,0,0,"0","","BETHPAGE","26.6",36,32
"1658",25,2,"BNSF","MT0225115",NA,NA,"","",25,2,"BNSF","MT0225115","","",25,2,14,11,30,"PM",12,0,0,0,"0","","BILLINGS","225.5",30,9
"1659",25,2,"LAS","250205002",NA,NA,"","",25,2,"LAS","250205002","","",25,2,5,3,0,"AM",1,0,0,0,"0","","HODGE","1",22,82
"1660",25,2,"ATK","184657",NA,NA,"","",25,2,"BNSF","RD0225202","","767739F",25,2,10,12,55,"PM",7,0,0,0,"0","","LAFAYETTE","0142.0",22,68
"1661",25,2,"BNSF","HL0225116",NA,NA,"","",25,2,"BNSF","HL0225116","","",25,2,18,3,10,"AM",1,0,0,0,"0","","MEMPHIS","494.4",47,31
"1662",25,2,"CSX","000222940",NA,NA,"","",25,2,"TRRA","25008","","",25,2,3,4,40,"PM",12,0,0,0,"0","","VENICE","0008.0",17,61
"1663",25,2,"NS","159275",NA,NA,"","",25,2,"NS","159275","","",25,2,17,2,45,"AM",13,0,0,0,"0","","AVONMORE","LC027.",42,15
"1664",25,2,"NS","159208",25,2,"ATK","184661",25,2,"NS","159208","","716252G",25,2,11,4,33,"AM",7,0,0,0,"0","","BESSEMER CITY","408.08",37,40
"1665",25,2,"NIRC","9419002607",NA,NA,"","",25,2,"NIRC","9419002607","","289567F",25,2,12,12,43,"AM",7,0,0,0,"0","","CHICAGO","12.43",17,28
"1666",25,2,"BLF","20250257",NA,NA,"","",25,2,"FEC","X13021125","","272150H",25,2,11,2,53,"PM",7,0,0,0,"0","","MALABAR","201.5",12,75
"1667",25,2,"UP","0225HL006",NA,NA,"","",25,2,"BNSF","HL0225103","","",25,2,3,7,59,"PM",1,0,0,0,"0","","ST JOSEPH","60.5",29,70
"1668",25,2,"ATK","184712",NA,NA,"","",25,2,"ATK","184712","","",25,2,15,3,28,"AM",1,0,0,0,"0","","OAKLAND","0000.0",6,50
"1669",25,2,"UP","0225HL017",NA,NA,"","",25,2,"UP","0225HL017","","",25,2,15,9,45,"PM",1,0,0,0,"0","","TOPEKA","69.91",20,20
"1670",25,2,"BLF","20250334",NA,NA,"","",25,2,"FEC","X17022325","","272340L",25,2,23,12,42,"PM",7,0,0,0,"0","","JENSEN BEACH","256.78",12,79
"1671",25,2,"MBTA","2528",NA,NA,"","",25,2,"MBTA","2528","","",25,2,27,7,25,"AM",13,0,0,0,"0","","PROVIDENCE","184.2",44,42
"1672",25,2,"FEC","D10022325",NA,NA,"","",25,2,"FEC","D10022325","","",25,2,23,1,1,"PM",1,0,0,0,"0","","MIAMI SPRINGS","369",12,74
"1673",25,2,"NS","159357",NA,NA,"","",25,2,"NS","159357","","",25,2,25,10,52,"AM",3,0,0,0,"0","","BOLINGBROKE","204.1",13,58
"1674",25,2,"ATK","184611",NA,NA,"","",25,2,"CSX","000223013","","507301A",25,2,7,10,8,"PM",7,0,0,0,"0","","KIRKVILLE","0280.1",36,17
"1675",25,2,"BNSF","TC0225113",NA,NA,"","",25,2,"XTFC","INDUSTRY","","",25,2,24,11,31,"PM",1,0,0,0,"0","","THOMPSON","88.8",38,28
"1676",25,2,"BNSF","TC0225113",NA,NA,"","",25,2,"XTFC","INDUSTRY","","",25,2,24,11,31,"PM",1,0,0,0,"0","","THOMPSON","88.8",38,28
"1677",25,2,"MMRR","MMR099425G",NA,NA,"","",25,2,"MMRR","MMR099425G","","234140A",25,2,11,11,34,"AM",7,0,0,0,"0","","ST LOUIS","33.34",26,20
"1678",25,2,"NS","159285",NA,NA,"","",25,2,"CRSH","159285","","",25,2,18,6,48,"AM",1,3,0,0,"0","","UNION","LE014.",34,18
"1679",25,2,"SFRV","02162025",NA,NA,"","",25,2,"SFRV","02162025","","628186E",25,2,16,12,47,"PM",7,0,0,0,"0","","FORT LAUDERDALE","1007.3",12,81
"1680",25,2,"BNSF","RD0225203",NA,NA,"","",25,2,"BNSF","RD0225203","","021194R",25,2,14,3,42,"PM",7,0,0,0,"0","","BANGS","357.8",48,58
"1681",25,2,"SFRV","02172025",NA,NA,"","",25,2,"SFRV","02172025","","628139W",25,2,17,7,35,"PM",7,0,0,0,"0","","WEST PALM BEACH","974",12,81
"1682",25,2,"WC","1720038",NA,NA,"","",25,2,"WC","1720038","","",25,2,14,11,8,"PM",1,34,1,0,"0","","GARY","45.4",18,26
"1683",25,2,"MBTA","2516",NA,NA,"","",25,2,"MBTA","2516","","",25,2,10,1,58,"AM",1,0,0,0,"0","","BOSTON","219.5",25,66
"1684",25,2,"BNSF","NW0225102",NA,NA,"","",25,2,"BNSF","NW0225102","","",25,2,4,8,0,"AM",1,0,0,0,"0","","VANCOUVER","134.8",53,39
"1685",25,2,"CSX","000223032",NA,NA,"","",25,2,"CSX","000223032","","",25,2,9,11,45,"AM",1,0,0,0,"0","","ETOWAH","0334.0",47,60
"1686",25,2,"UP","0225PN026",NA,NA,"","",25,2,"UP","0225PN026","","",25,2,20,9,30,"AM",1,2,0,0,"0","","NAMPA","457.2",16,31
"1687",25,2,"ATK","184757",NA,NA,"","",25,2,"ATK","184757","","",25,2,15,1,20,"AM",1,0,0,0,"0","","CHICAGO","0000.0",17,20
"1688",25,2,"ATK","184684",NA,NA,"","",25,2,"VTR","1843","","",25,2,9,8,9,"PM",1,0,0,0,"0","","RUTLAND","0055.0",50,25
"1689",25,2,"VTR","1843",25,2,"ATK","184684",25,2,"VTR","1843","","",25,2,9,8,8,"PM",1,0,0,0,"0","","RUTLAND","54.6",50,25
"1690",25,2,"CSX","000223188",NA,NA,"","",25,2,"CSX","000223188","","",25,2,18,8,20,"PM",1,0,0,0,"0","","PHILADELPHIA","0005.0",42,18
"1691",25,2,"ATK","184623",25,2,"SEPA","SEPA020625",25,2,"ATK","184623","","",25,2,6,6,18,"PM",11,0,0,0,"0","","RIDLEY PARK","0011.7",42,30
"1692",25,2,"SEPA","SEPA021625",NA,NA,"","",25,2,"SEPA","SEPA021625","","",25,2,16,5,16,"PM",9,0,0,0,"0","","LANSDOWNE","6.9",42,44
"1693",25,2,"SEPA","SEPA022525",NA,NA,"","",25,2,"SEPA","SEPA022525","","",25,2,25,4,23,"PM",13,0,0,0,"0","","PHILADELPHIA","1.1",42,55
"1694",25,2,"SEPA","SEPA020625",NA,NA,"","",25,2,"ATK","184623","","",25,2,6,6,18,"PM",11,0,0,0,"345","","RIDLEY PARK","11.7",42,36
"1695",25,2,"URR","URR0009F",NA,NA,"","",25,2,"URR","URR0009F","","",25,2,9,10,28,"AM",1,0,0,0,"0","","BRADDOCK","0",42,32
"1696",25,2,"URR","URR0011F",NA,NA,"","",25,2,"URR","URR0011F","","",25,2,17,1,25,"PM",1,0,0,0,"0","","DRAVOSBURG","0",42,24
"1697",25,2,"IC","1720208",NA,NA,"","",25,2,"IC","1720208","","",25,2,18,5,47,"AM",1,10,0,0,"0","","UNIVERSITY PARK","31.37",17,0
"1698",25,2,"WE","250025",NA,NA,"","",25,2,"WE","250025","","",25,2,18,9,45,"AM",13,0,0,0,"0","","NAVARRE","137.4",39,40
"1699",25,2,"CC","1719902",NA,NA,"","",25,2,"CC","1719902","","307463A",25,2,12,9,45,"AM",7,24,0,0,"0","","FONDA","411.33",19,13
"1700",25,2,"UP","0225GL023",NA,NA,"","",25,2,"UP","0225GL023","","",25,2,22,3,12,"PM",1,0,0,0,"0","","SALIX","6.5",19,37
"1701",25,2,"UP","0225LA037",25,2,"ATK","184899",25,2,"UP","0225LA037","","745870K",25,2,21,5,0,"PM",7,0,0,0,"0","","CAMARILLO","410.4",6,68
"1702",25,2,"CSX","000223123",NA,NA,"","",25,2,"CSX","000223123","","638619K",25,2,15,9,25,"PM",7,0,0,0,"0","","ATLANTA","0851.0",13,55
"1703",25,2,"NS","159215",NA,NA,"","",25,2,"NS","159215","","",25,2,11,11,5,"AM",1,0,0,0,"0","","VALDOSTA","152.00",13,73
"1704",25,2,"BNSF","CA0225105",NA,NA,"","",25,2,"BNSF","CA0225105","","",25,2,6,4,45,"AM",1,0,0,0,"0","","BARSTOW","1.3",6,60
"1705",25,2,"BNSF","CA0225105",NA,NA,"","",25,2,"BNSF","CA0225105","","",25,2,6,4,45,"AM",1,5,5,0,"0","","BARSTOW","1.3",6,60
"1706",25,2,"BNSF","TC0225104",NA,NA,"","",25,2,"BNSF","TC0225104","","",25,2,7,1,50,"PM",1,5,0,0,"0","","WILLMAR","102.2",27,0
"1707",25,2,"BNSF","CA0225106",NA,NA,"","",25,2,"BNSF","CA0225106","","",25,2,6,4,35,"AM",1,0,0,0,"0","","RIVERBANK","1094.7",6,45
"1708",25,2,"BNSF","RD0225114",NA,NA,"","",25,2,"BNSF","RD0225114","","",25,2,15,5,15,"PM",1,0,0,0,"0","","LAFAYETTE","147.1",22,53
"1709",25,2,"BNSF","RD0225121",NA,NA,"","",25,2,"BNSF","RD0225121","","",25,2,24,10,58,"PM",1,41,0,0,"0","","RACELAND","44.4",22,58
"1710",25,2,"SKOL","250210009",NA,NA,"","",25,2,"XCJM","INDUSTRY","","",25,2,10,2,40,"PM",1,0,0,0,"0","","WICHITA","215",20,43
"1711",25,2,"SKOL","250212007",NA,NA,"","",25,2,"SKOL","250212007","","",25,2,12,7,55,"PM",1,0,0,0,"0","","CHERRYVALE","",20,15
"1712",25,2,"UP","0225SX009",NA,NA,"","",25,2,"UP","0225SX009","","",25,2,11,11,11,"AM",1,0,0,0,"0","","FLATONIA","120.89",48,53
"1713",25,2,"BNSF","RD0225206",25,2,"UP","0225HL023",25,2,"BNSF","RD0225206","","673835V",25,2,21,7,24,"PM",7,0,0,0,"0","","ENID","543.8",40,16
"1714",25,2,"UP","0225NC002",NA,NA,"","",25,2,"UP","0225NC002","","",25,2,1,3,21,"AM",9,0,0,0,"0","","SODA SPRINGS","177.5",6,39
"1715",25,2,"UP","0225NC030",25,2,"ATK","184613",25,2,"UP","0225NC030","","",25,2,8,12,35,"PM",5,0,0,0,"0","","ALTA","165.0",6,36
"1716",25,2,"LSRC","D250205",NA,NA,"","",25,2,"LSRC","D250205","","",25,2,5,9,20,"AM",1,7,0,0,"0","","ESSEXVILLE","14.67",26,18
"1717",25,2,"LI","84762",NA,NA,"","",25,2,"LI","84762","","",25,2,25,12,59,"PM",1,0,0,0,"0","","BROOKLYN","0.2",36,56
"1718",25,2,"LI","84648",25,2,"NYA","NYA0159F",25,2,"LI","84648","","",25,2,11,9,46,"AM",13,0,0,0,"0","","BETHPAGE","26.6",36,32
"1719",25,2,"GTW","1719557",NA,NA,"","",25,2,"GTW","1719557","","",25,2,5,9,5,"AM",1,27,0,0,"0","","FLINT","263.75",26,21
"1720",25,2,"ATK","184540",NA,NA,"","",25,2,"ATK","184540","","",25,2,4,3,27,"PM",1,0,0,0,"0","","NEW YORK","0000.0",36,37
"1721",25,2,"CRSH","146974",25,2,"NS","159285",25,2,"CRSH","146974","","",25,2,18,6,48,"AM",1,0,0,0,"0","","UNION","14.5",34,25
"1722",25,2,"NS","159218",NA,NA,"","",25,2,"NS","159218","","",25,2,11,8,15,"PM",1,61,14,2,"0","","ATTICA","S081.5",39,27
"1723",25,2,"CSX","000223156",25,2,"MACZ","2502140802",25,2,"CSX","000223156","","140505S",25,2,14,7,56,"PM",7,0,0,0,"0","","GAITHERSBURG","0020.6",24,31
"1724",25,2,"BNSF","HL0225101",NA,NA,"","",25,2,"BNSF","HL0225101","","",25,2,1,1,50,"PM",1,0,0,0,"0","","COUNCIL BLUFFS","14.8",19,41
"1725",25,2,"FEC","X17022325",25,2,"BLF","20250334",25,2,"FEC","X17022325","","272340L",25,2,23,12,42,"PM",7,0,0,0,"0","","JENSEN BEACH","256.78",12,79
"1726",25,2,"FEC","X15021725",NA,NA,"","",25,2,"FEC","X15021725","","272372S",25,2,17,4,20,"AM",7,23,0,0,"0","","JUPITER ISLAND","280.88",12,68
"1727",25,2,"FEC","X13021125",25,2,"BLF","20250257",25,2,"FEC","X13021125","","272150H",25,2,11,2,53,"PM",7,0,0,0,"0","","MALABAR","201.5",12,75
"1728",25,2,"MACZ","20251402",NA,NA,"","",25,2,"CSX","000223156","","140505S",25,2,14,7,56,"PM",7,0,0,0,"0","","GAITHERSBURG","20.49",24,31
"1729",25,2,"UP","0225RM007",NA,NA,"","",25,2,"UP","0225RM007","","",25,2,4,12,28,"AM",1,0,0,0,"0","","GREEN RIVER","816.97",56,45
"1730",25,2,"UP","0225LA039",NA,NA,"","",25,2,"UP","0225LA039","","",25,2,25,6,0,"PM",1,1,0,0,"0","","YUMA","747.0",4,89
"1731",25,2,"UP","0225HL032",NA,NA,"","",25,2,"UP","0225HL032","","",25,2,27,7,56,"AM",1,0,0,0,"0","","KANSAS CITY","1.23",20,34
"1732",25,2,"CSX","000223013",25,2,"ATK","184611",25,2,"CSX","000223013","","507301A",25,2,7,10,8,"PM",7,0,0,0,"0","","KIRKVILLE","0280.1",36,22
"1733",25,2,"BEAR","BER099825D",NA,NA,"","",25,2,"BEAR","BER099825D","","",25,2,11,3,49,"PM",1,0,0,0,"0","","WENDELL","373.56",25,31
"1734",25,2,"KRR","KRR110025D",NA,NA,"","",25,2,"KRR","KRR110025D","","",25,2,22,2,0,"AM",1,0,0,0,"0","","ASHDOWN","780",5,30
"1735",25,2,"MNCW","84931",NA,NA,"","",25,2,"MNCW","84931","","",25,2,4,7,52,"AM",13,0,0,0,"0","","STAMFORD","33.3",9,37
"1736",25,2,"BNSF","SW0225103",NA,NA,"","",25,2,"BNSF","SW0225103","","",25,2,4,12,15,"AM",1,0,0,0,"0","","PHOENIX","191.0",4,55
"1737",25,2,"MBTA","2532",NA,NA,"","",25,2,"MBTA","2532","","",25,2,17,1,58,"PM",13,0,0,0,"0","","WESTON","14",25,30
"1738",25,2,"MBTA","2513",NA,NA,"","",25,2,"MBTA","2513","","",25,2,8,1,1,"PM",1,0,0,0,"130","","BOSTON","228.15",25,32
"1739",25,2,"MNCW","84626",NA,NA,"","",25,2,"MNCW","84626","","",25,2,7,5,12,"AM",9,0,0,0,"0","","GREENWICH","29.3",9,38
"1740",25,2,"BNSF","MT0225114",NA,NA,"","",25,2,"BNSF","MT0225114","","",25,2,20,10,53,"AM",12,0,0,0,"0","","LAUREL","13.2",30,20
"1741",25,2,"GTW","1720117",NA,NA,"","",25,2,"GTW","1720117","","",25,2,17,8,45,"PM",1,0,0,0,"0","","BATTLE CREEK","178.8",26,3
"1742",25,2,"NS","159250",NA,NA,"","",25,2,"XADM","INDUSTRY","","",25,2,13,11,15,"PM",4,0,0,0,"0","","BATTLE CREEK","MH119.",26,15
"1743",25,2,"BNSF","HL0225116",NA,NA,"","",25,2,"BNSF","HL0225116","","",25,2,18,3,10,"AM",1,0,0,0,"0","","MEMPHIS","494.4",47,31
"1744",25,2,"NS","159265",NA,NA,"","",25,2,"NS","159265","","",25,2,15,2,25,"PM",12,0,0,0,"0","","PORTSMOUTH","N605.3",39,41
"1745",25,2,"MNCW","84626",NA,NA,"","",25,2,"MNCW","84626","","",25,2,7,5,12,"AM",9,0,0,0,"0","","GREENWICH","29.3",9,38
"1746",25,2,"CSX","000223404",NA,NA,"","",25,2,"CSX","000223404","","",25,2,28,7,30,"AM",4,0,0,0,"0","","CUMBERLAND","0178.0",24,42
"1747",25,2,"CSX","000223404",NA,NA,"","",25,2,"CSX","000223404","","",25,2,28,7,30,"AM",4,0,0,0,"0","","CUMBERLAND","0178.0",24,42
"1748",25,2,"NS","159265",NA,NA,"","",25,2,"NS","159265","","",25,2,15,2,25,"PM",12,34,0,0,"0","","PORTSMOUTH","N605.3",39,41
"1749",25,2,"UP","0225MA038",NA,NA,"","",25,2,"UP","0225MA038","","",25,2,25,11,40,"PM",5,9,0,0,"0","","CAMDEN","336.9",5,50
"1750",25,2,"NS","159332",NA,NA,"","",25,2,"NS","159332","","",25,2,23,10,17,"AM",1,0,0,0,"0","","NEW HAVEN","D142.7",18,42
"1751",25,2,"BNSF","SW0225101",NA,NA,"","",25,2,"BNSF","SW0225101","","",25,2,1,12,56,"AM",1,1,1,0,"0","","VAUGHN","768.9",35,34
"1752",25,2,"CSX","000223175",NA,NA,"","",25,2,"CSX","000223175","","625293J",25,2,17,9,50,"PM",7,5,0,0,"0","","BUSHNELL","776",12,60
"1753",25,2,"UP","0225LA030",NA,NA,"","",25,2,"UP","0225LA030","","",25,2,18,9,7,"AM",1,0,0,0,"0","","CALIENTE","335.6",6,41
"1754",25,2,"BNSF","CA0225115",NA,NA,"","",25,2,"BNSF","CA0225115","","",25,2,22,4,8,"PM",1,0,0,0,"0","","SAN DIEGO","269.5",6,65
"1755",25,2,"BNSF","CA0225115",NA,NA,"","",25,2,"BNSF","CA0225115","","",25,2,22,4,8,"PM",1,0,0,0,"0","","SAN DIEGO","269.5",6,65
"1756",25,2,"CSX","000222993",NA,NA,"","",25,2,"CSX","000222993","","",25,2,6,9,36,"PM",13,0,0,0,"0","","NASHVILLE","0190.0",47,45
"1757",25,2,"BNSF","SW0225104",NA,NA,"","",25,2,"BNSF","SW0225104","","",25,2,13,9,27,"AM",1,8,3,0,"0","","LAJOYA","945.7",35,50
"1758",25,2,"CRSH","146968",NA,NA,"","",25,2,"ZBKA","INDUSTRY","","",25,2,1,8,45,"PM",12,0,0,0,"0","","CLAYMONT","001.00",10,35
"1759",25,2,"CRSH","146968",NA,NA,"","",25,2,"ZBKA","INDUSTRY","","",25,2,1,8,45,"PM",12,0,0,0,"0","","CLAYMONT","001.00",10,35
"1760",25,2,"CSX","000223035",NA,NA,"","",25,2,"CSX","000223035","","",25,2,10,1,0,"AM",1,16,0,0,"0","","NASHVILLE","0190.0",47,36
"1761",25,2,"CSX","000222959",NA,NA,"","",25,2,"XSCV","INDUSTRY","","",25,2,5,12,45,"AM",1,0,0,0,"0","","CRESTLINE","0189.0",39,27
"1762",25,2,"BNSF","HL0225111",NA,NA,"","",25,2,"BNSF","HL0225111","","",25,2,8,6,45,"AM",1,0,0,0,"0","","MEMPHIS","496.3",47,45
"1763",25,2,"ATK","184628",NA,NA,"","",25,2,"ATK","184628","","",25,2,6,3,34,"PM",13,0,0,0,"0","","BALTIMORE","0095.0",24,42
"1764",25,2,"MNCW","84712",25,2,"CDOT","184808",25,2,"MNCW","84712","","",25,2,20,12,8,"AM",1,0,0,0,"0","","NEW HAVEN","72.4",9,21
"1765",25,2,"BNSF","MT0225115",NA,NA,"","",25,2,"BNSF","MT0225115","","",25,2,14,11,30,"PM",12,0,0,0,"0","","BILLINGS","225.5",30,9
"1766",25,2,"UP","0225GP007",NA,NA,"","",25,2,"UP","0225GP007","","",25,2,9,10,35,"AM",1,0,0,0,"0","","NORTH PLATTE","280.5",31,31
"1767",25,2,"CSX","000222917",NA,NA,"","",25,2,"CSX","000222917","","",25,2,1,5,57,"AM",1,0,0,0,"0","","LYNCHBURG","0137.8",51,32
"1768",25,2,"BNSF","RD0225201",NA,NA,"","",25,2,"BNSF","RD0225201","","758011J",25,2,5,11,50,"AM",7,0,0,0,"0","","DES ALLEMANDS","29.3",22,72
"1769",25,2,"UP","0225HO024",NA,NA,"","",25,2,"UP","0225HO024","","",25,2,20,10,4,"PM",1,16,0,0,"0","","HOUSTON","357.0",48,37
"1770",25,2,"IC","1720586",NA,NA,"","",25,2,"IC","1720586","","",25,2,25,1,8,"PM",7,0,0,0,"0","","BATON ROUGE","364.7",22,72
"1771",25,2,"IC","1720586",NA,NA,"","",25,2,"IC","1720586","","",25,2,25,1,8,"PM",12,0,0,0,"0","","BATON ROUGE","364.7",22,72
"1772",25,2,"IC","1719739",NA,NA,"","",25,2,"IC","1719739","","",25,2,10,12,40,"AM",1,1,0,0,"0","","BATON ROUGE","364.7",22,61
"1773",25,2,"NS","159204",NA,NA,"","",25,2,"NS","159204","","",25,2,10,10,30,"AM",4,0,0,0,"0","","CHATTANOOGA","333.75",47,52
"1774",25,2,"BNSF","HL0225103",25,2,"UP","0225HL006",25,2,"BNSF","HL0225103","","",25,2,3,7,59,"PM",1,0,0,0,"0","","ST JOSEPH","60.4",29,35
"1775",25,2,"UP","0225SX015",NA,NA,"","",25,2,"UP","0225SX015","","",25,2,15,12,45,"PM",1,0,0,0,"0","","SAN ANTONIO","201.45",48,55
"1776",25,2,"BNSF","HL0225108",NA,NA,"","",25,2,"BNSF","HL0225108","","",25,2,7,9,45,"AM",1,0,0,0,"0","","CAPE GIRARDEAU","115.8",29,43
"1777",25,2,"UP","0225GP008",NA,NA,"","",25,2,"UP","0225GP008","","",25,2,9,7,30,"AM",1,10,3,0,"0","","DIX","435.96",31,10
"1778",25,2,"INPR","INPR0006F",NA,NA,"","",25,2,"INPR","OP022425IN","","",25,2,24,1,13,"PM",1,0,0,0,"0","","LA GRANDE","0.0",41,40
"1779",25,2,"IC","1719444",NA,NA,"","",25,2,"IC","1719444","","",25,2,1,8,30,"AM",11,0,0,0,"0","","NORCO","432.1",22,45
"1780",25,2,"NS","159357",NA,NA,"","",25,2,"NS","159357","","",25,2,25,10,52,"AM",3,0,0,0,"0","","BOLINGBROKE","204.1",13,58
"1781",25,2,"BNSF","NW0225108",25,2,"PSAP","PSA110328R",25,2,"BNSF","NW0225108","","",25,2,21,9,46,"PM",1,0,0,0,"0","","CENTRALIA","52.6",53,48
"1782",25,2,"CSX","000222954",NA,NA,"","",25,2,"CSX","000222954","","050364L",25,2,3,9,58,"PM",7,0,0,0,"0","","ATLANTA","0011.8",13,63
"1783",25,2,"TSWS","91202425",NA,NA,"","",25,2,"TSWS","91202425","","",25,2,4,9,55,"AM",1,0,0,0,"0","","JOLIET","",17,30
"1784",25,2,"ATK","184987",NA,NA,"","",25,2,"UP","0225PN032","","",25,2,23,7,35,"PM",9,0,0,0,"0","","WOODBURN","0734.5",41,48
"1785",25,2,"NS","159204",NA,NA,"","",25,2,"NS","159204","","",25,2,10,10,30,"AM",4,0,0,0,"0","","CHATTANOOGA","333.75",47,52
"1786",25,2,"UFRC","02042501",NA,NA,"","",25,2,"UFRC","02042501","","805631C",25,2,4,2,25,"PM",7,0,0,0,"0","","LAYTON","23.8",49,66
"1787",25,2,"UP","0225PN032",25,2,"ATK","184987",25,2,"UP","0225PN032","","",25,2,23,7,38,"PM",9,0,0,0,"0","","WOODBURN","734.3",41,56
"1788",25,2,"BNSF","PR0225116",NA,NA,"","",25,2,"BNSF","PR0225116","","",25,2,28,12,49,"AM",1,14,0,0,"0","","EDGEMONT","476.5",46,37
"1789",25,2,"BNSF","CH0225105",NA,NA,"","",25,2,"BNSF","CH0225105","","",25,2,12,11,4,"AM",1,20,0,0,"0","","CICERO","6.7",17,25
"1790",25,2,"ATK","184615",NA,NA,"","",25,2,"ATK","184615","","",25,2,8,10,51,"PM",1,0,0,0,"0","","NEW YORK","0000.0",36,31
"1791",25,2,"NHCR","1853",NA,NA,"","",25,2,"NHCR","1853","","053722D",25,2,17,6,30,"PM",7,0,0,0,"0","","GROVETON","144.25",33,15
"1792",25,2,"UP","0225PN031",NA,NA,"","",25,2,"UP","0225PN031","","",25,2,27,8,30,"PM",1,0,0,0,"0","","LA GRANDE","288.4",41,45
"1793",25,2,"SFRV","02202025",NA,NA,"","",25,2,"SFRV","02202025","","628282G",25,2,20,8,23,"AM",7,0,0,0,"168","","HOLLYWOOD","1020.8",12,79
"1794",25,1,"MBTA","2503",NA,NA,"","",25,1,"MBTA","2503","","053049F",25,1,17,5,40,"PM",7,0,0,0,"0","","NORTH ANDOVER","27.45",25,28
"1795",25,1,"ATK","184146",NA,NA,"","",25,1,"NS","159354","","",25,1,6,9,30,"AM",9,0,0,0,"0","","ALTAVISTA","0192.3",51,31
"1796",25,1,"NS","159354",25,1,"ATK","184146",25,1,"NS","159354","","",25,1,6,9,30,"AM",9,0,0,0,"0","","ALTAVISTA","V192.3",51,38
"1797",25,1,"NS","159055",NA,NA,"","",25,1,"NS","159055","","",25,1,21,12,3,"PM",1,18,0,0,"0","","LYNCHBURG","PH018.",51,12
"1798",25,1,"KCT","B25010614",25,1,"BNSF","KS0125102",25,1,"KCT","B25010614","","",25,1,5,8,5,"PM",1,36,0,0,"0","","KANSAS CITY","0.2",29,13
"1799",25,1,"BNSF","SW0125110",25,1,"XMCN","INDUSTRY",25,1,"BNSF","SW0125110","","",25,1,22,9,30,"AM",1,0,0,0,"0","","CARLSBAD","14.4",35,30
"1800",25,1,"NS","158890",NA,NA,"","",25,1,"NS","158890","","",25,1,3,4,11,"PM",1,1,0,0,"0","","BARNESVILLE","S231.0",13,48
"1801",25,1,"ALS","0125AS005",NA,NA,"","",25,1,"ALS","0125AS005","","",25,1,26,3,53,"AM",12,6,0,0,"0","","EAST ST LOUIS","3.8",17,34
"1802",25,1,"MNCW","84546",NA,NA,"","",25,1,"MNCW","84546","","",25,1,27,1,20,"AM",13,0,0,0,"0","","NORWALK","41.5",9,25
"1803",25,1,"UP","0125MA019",NA,NA,"","",25,1,"UP","0125MA019","","",25,1,8,1,13,"PM",12,0,0,0,"0","","NORTH LITTLE ROCK","341.31",5,35
"1804",25,1,"BNSF","CA0125118",NA,NA,"","",25,1,"BNSF","CA0125118","","",25,1,31,10,46,"AM",1,11,2,0,"0","","MUSCOY","76.5",6,68
"1805",25,1,"MBTA","2509",NA,NA,"","",25,1,"MBTA","2509","","",25,1,8,11,29,"AM",12,0,0,0,"0","","BOSTON","219.5",25,5
"1806",25,1,"UP","0125MA019",NA,NA,"","",25,1,"UP","0125MA019","","",25,1,8,1,13,"PM",12,0,0,0,"0","","NORTH LITTLE ROCK","341.31",5,35
"1807",25,1,"UP","0125LA014",NA,NA,"","",25,1,"UP","0125LA014","","",25,1,16,8,19,"AM",1,0,0,0,"0","","INDUSTRY","502.13",6,48
"1808",25,1,"CSX","000222431",NA,NA,"","",25,1,"CSX","000222431","","638322E",25,1,2,6,10,"PM",7,0,0,0,"0","","CORDELE","0695.2",13,45
"1809",25,1,"BSFX","2025001",NA,NA,"","",25,1,"BSFX","2025001","","",25,1,21,10,37,"AM",1,0,0,0,"0","","STEARNS","3",21,10
"1810",25,1,"CSX","000222894",NA,NA,"","",25,1,"CSX","000222894","","",25,1,30,7,1,"PM",1,4,0,0,"0","","OLD CHATHAM","0174.1",36,21
"1811",25,1,"BNSF","KS0125113",NA,NA,"","",25,1,"BNSF","KS0125113","","",25,1,5,8,15,"PM",1,4,0,0,"0","","KANSAS CITY","0.2",29,13
"1812",25,1,"CSX","000222865",NA,NA,"","",25,1,"CSX","000222865","","",25,1,27,5,53,"AM",11,0,0,0,"0","","FRANKFORT","0228.5",36,22
"1813",25,1,"UP","0125MA025",NA,NA,"","",25,1,"UP","0125MA025","","",25,1,18,2,55,"PM",1,0,0,0,"0","","EAST ST LOUIS","284.8",17,30
"1814",25,1,"CSX","000222427",NA,NA,"","",25,1,"CSX","000222427","","",25,1,6,12,8,"AM",12,0,0,0,"0","","WAYCROSS","0587.0",13,50
"1815",25,1,"CSX","000222427",NA,NA,"","",25,1,"CSX","000222427","","",25,1,6,12,8,"AM",12,4,0,0,"0","","WAYCROSS","0587.0",13,50
"1816",25,1,"ALS","0125AS005",NA,NA,"","",25,1,"ALS","0125AS005","","",25,1,26,3,53,"AM",12,13,2,0,"0","","EAST ST LOUIS","3.8",17,34
"1817",25,1,"MNCW","84512",NA,NA,"","",25,1,"MNCW","84512","","",25,1,22,3,42,"PM",11,0,0,0,"0","","NEW YORK NEW YORK","9.8",36,17
"1818",25,1,"NS","159075",25,1,"ATK","184361",25,1,"NS","159075","","544663K",25,1,24,5,50,"AM",7,0,0,0,"0","","COLUMBIANA","PC059.",39,15
"1819",25,1,"BNSF","KS0125102",25,1,"KCT","B25010614",25,1,"BNSF","KS0125102","","",25,1,5,8,5,"PM",1,36,0,0,"0","","KANSAS CITY","0.2",29,13
"1820",25,1,"LI","84531",NA,NA,"","",25,1,"LI","84531","","",25,1,26,10,15,"AM",1,0,0,0,"0","","RICHMOND HILL","8.4",36,40
"1821",25,1,"BNSF","CA0125117",NA,NA,"","",25,1,"BNSF","CA0125117","","",25,1,31,1,5,"AM",1,0,0,0,"0","","CALWA","68.5",6,40
"1822",25,1,"BNSF","KS0125113",NA,NA,"","",25,1,"BNSF","KS0125113","","",25,1,5,8,15,"PM",1,0,0,0,"0","","KANSAS CITY","0.2",29,13
"1823",25,1,"WC","1718743",NA,NA,"","",25,1,"WC","1718743","","",25,1,19,10,1,"AM",1,1,1,0,"0","","FOND DU LAC","157",55,0
"1824",25,1,"UP","0125HL025",NA,NA,"","",25,1,"UP","0125HL025","","",25,1,17,10,30,"PM",1,12,0,0,"0","","NORTH ENID","338.75",40,41
"1825",25,1,"UP","0125GC006",NA,NA,"","",25,1,"UP","0125GC006","","",25,1,5,4,30,"AM",1,11,0,0,"0","","ALEXANDRIA","190.73",22,61
"1826",25,1,"BNSF","RD0125116",25,1,"UP","0125HL048",25,1,"BNSF","RD0125116","","",25,1,15,3,30,"PM",1,0,0,0,"0","","ENID","544.3",40,35
"1827",25,1,"SLWC","250103003",NA,NA,"","",25,1,"SLWC","250103003","","",25,1,3,10,0,"AM",1,10,0,0,"0","","STROUD","478.8",40,45
"1828",25,1,"BNSF","RD0125106",NA,NA,"","",25,1,"BNSF","RD0125106","","",25,1,11,2,21,"AM",1,110,6,0,"0","","PURCELL","416.8",40,17
"1829",25,1,"BNSF","HL0125201",NA,NA,"","",25,1,"BNSF","HL0125201","","668559K",25,1,8,11,29,"PM",7,3,0,0,"0","","CLAREMORE","402.8",40,23
"1830",25,1,"BNSF","TC0125102",NA,NA,"","",25,1,"BNSF","TC0125102","","",25,1,6,3,50,"AM",1,0,0,0,"0","","CARLTON","33.9",27,0
"1831",25,1,"UP","0125GL026",NA,NA,"","",25,1,"UP","0125GL026","","",25,1,23,5,25,"AM",1,16,0,0,"0","","STILLWATER","18.45",27,-20
"1832",25,1,"BPRR","BPR088525D",NA,NA,"","",25,1,"BPRR","BPR088525D","","",25,1,30,6,30,"PM",1,2,0,0,"0","","BUTLER","286.2",42,40
"1833",25,1,"NS","158930",NA,NA,"","",25,1,"NS","158930","","",25,1,10,12,45,"AM",4,0,0,0,"0","","JACKSONVILLE","258.00",12,35
"1834",25,1,"MNA","MNA081825R",NA,NA,"","",25,1,"XULM","INDUSTRY","","",25,1,28,3,0,"PM",1,0,0,0,"0","","MELBOURNE","307",5,55
"1835",25,1,"UP","0125MA002",NA,NA,"","",25,1,"UP","0125MA002","","",25,1,2,12,25,"AM",9,0,0,0,"0","","NORTH LITTLE ROCK","341.8",5,36
"1836",25,1,"UP","0125MA007",NA,NA,"","",25,1,"UP","0125MA007","","",25,1,8,7,35,"AM",1,0,0,0,"0","","NORTH LITTLE ROCK","341.77",5,20
"1837",25,1,"BNSF","NW0125106",NA,NA,"","",25,1,"XTMC","INDUSTRY","","",25,1,16,2,30,"AM",1,0,0,0,"0","","KALAMA","108.6",53,37
"1838",25,1,"NS","158910",NA,NA,"","",25,1,"NS","158910","","",25,1,7,12,5,"AM",1,0,0,0,"0","","WALKERTOWN","R118.0",37,30
"1839",25,1,"ACWR","01082025",NA,NA,"","",25,1,"ACWR","01082025","","",25,1,8,3,40,"AM",1,0,0,0,"0","","AQUADALE","352.2",37,21
"1840",25,1,"NS","158930",NA,NA,"","",25,1,"NS","158930","","",25,1,10,12,45,"AM",4,6,0,0,"0","","JACKSONVILLE","258.00",12,35
"1841",25,1,"UP","0125GP005",NA,NA,"","",25,1,"UP","0125GP005","","",25,1,6,8,25,"AM",9,0,0,0,"0","","NORTH PLATTE","288.02",31,4
"1842",25,1,"NJTR","202503155",NA,NA,"","",25,1,"NJTR","202503155","","",25,1,20,6,6,"AM",13,0,0,0,"0","","Philadelphia","87.0",42,39
"1843",25,1,"ATK","184325",NA,NA,"","",25,1,"BNSF","NW0125204","","085650R",25,1,18,11,17,"AM",7,0,0,0,"0","","AUBURN","0019.7",53,46
"1844",25,1,"UP","0125HO004",NA,NA,"","",25,1,"UP","0125HO004","","",25,1,5,4,12,"PM",1,0,0,0,"0","","HOUSTON","360.0",48,60
"1845",25,1,"UP","0125HO001",NA,NA,"","",25,1,"XKNA","INDUSTRY","","",25,1,1,9,19,"PM",1,0,0,0,"0","","BAYTOWN","2.3",48,47
"1846",25,1,"CMTY","CMTY010625",NA,NA,"","",25,1,"CMTY","CMTY010625","","765805J",25,1,6,8,19,"AM",7,0,0,0,"0","","AUSTIN","61.25",48,31
"1847",25,1,"IC","1719071",NA,NA,"","",25,1,"IC","1719071","","",25,1,22,9,5,"PM",1,4,0,0,"0","","CHICAGO","13.46",17,20
"1848",25,1,"BRC","14840",NA,NA,"","",25,1,"BRC","14840","","",25,1,5,12,58,"PM",12,0,0,0,"0","","BEDFORD PARK","9",17,18
"1849",25,1,"UP","0125HO015",NA,NA,"","",25,1,"UP","0125HO015","","",25,1,10,6,20,"PM",12,0,0,0,"0","","HOUSTON","376.02",48,41
"1850",25,1,"UP","0125GP015",NA,NA,"","",25,1,"UP","0125GP015","","805515N",25,1,15,3,32,"PM",7,0,0,0,"0","","WATKINS","613.14",8,47
"1851",25,1,"BNSF","PR0125102",NA,NA,"","",25,1,"BNSF","PR0125102","","",25,1,7,11,38,"AM",1,0,0,0,"0","","HASTINGS","157.4",31,20
"1852",25,1,"BNSF","HL0125204",25,1,"XHEG","INDUSTRY",25,1,"BNSF","HL0125204","","083690G",25,1,17,11,29,"AM",7,0,0,0,"0","","DAWSON","130.3",31,45
"1853",25,1,"UP","0125PN016",NA,NA,"","",25,1,"UP","0125PN016","","",25,1,9,8,45,"PM",1,0,0,0,"0","","SPOKANE","161.11",53,35
"1854",25,1,"UP","0125PN025",NA,NA,"","",25,1,"UP","0125PN025","","",25,1,21,3,45,"PM",1,36,1,0,"0","","RITZVILLE","315.1",53,33
"1855",25,1,"GC","GCR463225",NA,NA,"","",25,1,"GC","GCR463225","","",25,1,30,8,0,"AM",1,0,0,0,"0","","SAVANNAH","499",13,50
"1856",25,1,"NJTR","202502091",NA,NA,"","",25,1,"NJTR","202502091","","",25,1,26,8,30,"PM",1,0,0,0,"0","","Newark","1.0",34,30
"1857",25,1,"GC","GCR463225",NA,NA,"","",25,1,"GC","GCR463225","","",25,1,30,8,0,"AM",1,0,0,0,"0","","SAVANNAH","499",13,50
"1858",25,1,"NS","158900",NA,NA,"","",25,1,"NS","158900","","",25,1,6,9,20,"PM",1,12,0,0,"0","","WILLIAMSON","N469.4",54,23
"1859",25,1,"NS","159162",NA,NA,"","",25,1,"NS","159162","","",25,1,31,10,0,"PM",1,18,1,0,"0","","CRUM","NA017.",54,38
"1860",25,1,"ATK","184459",NA,NA,"","",25,1,"ATK","184459","","",25,1,30,2,52,"AM",1,0,0,0,"0","","NEW HAVEN","0000.0",9,25
"1861",25,1,"ATK","184170",NA,NA,"NIRC","",25,1,"ATK","184170","","",25,1,13,8,6,"AM",13,0,0,0,"0","","CHICAGO","0000.0",17,25
"1862",25,1,"UP","0125HO043",NA,NA,"","",25,1,"UP","0125HO043","","743673P",25,1,25,1,10,"AM",7,47,0,0,"0","","HOUSTON","1.62",48,44
"1863",25,1,"NS","158997",NA,NA,"","",25,1,"NS","158997","","",25,1,16,1,45,"AM",13,0,0,0,"0","","LEXINGTON","323.00",37,19
"1864",25,1,"UP","0125HO037",NA,NA,"","",25,1,"UP","0125HO037","","",25,1,21,10,30,"PM",1,16,4,0,"0","","ANGLETON","320.7",48,26
"1865",25,1,"UP","0125HO032",25,1,"PTRA","2025001",25,1,"UP","0125HO032","","",25,1,20,2,0,"PM",1,0,0,0,"0","","LA PORTE","4.54",48,35
"1866",25,1,"UP","0125HO025",NA,NA,"","",25,1,"UP","0125HO025","","743643X",25,1,15,6,45,"PM",7,0,0,0,"0","","JERSEY VILLAGE","11.99",48,50
"1867",25,1,"BNSF","NW0125108",NA,NA,"","",25,1,"BNSF","NW0125108","","",25,1,16,8,30,"AM",1,0,0,0,"0","","PASCO","144.4",53,40
"1868",25,1,"UP","0125HL001",NA,NA,"","",25,1,"UP","0125HL001","","",25,1,1,1,20,"AM",1,1,0,0,"0","","WICHITA","481.96",20,25
"1869",25,1,"BNSF","NW0125108",NA,NA,"","",25,1,"BNSF","NW0125108","","",25,1,16,8,30,"AM",1,0,0,0,"0","","PASCO","144.4",53,40
"1870",25,1,"BNSF","NW0125204",25,1,"ATK","184325",25,1,"BNSF","NW0125204","","085650R",25,1,18,11,17,"AM",7,0,0,0,"0","","AUBURN","19.7",53,42
"1871",25,1,"BNSF","NW0125113",25,1,"ZNTN","INDUSTRY",25,1,"BNSF","NW0125113","","",25,1,21,7,30,"AM",1,0,0,0,"0","","PLYMOUTH","191.5",53,18
"1872",25,1,"BNSF","NW0125205",NA,NA,"","",25,1,"BNSF","NW0125205","","089694E",25,1,28,11,41,"AM",7,0,0,0,"0","","MESA","119.5",53,36
"1873",25,1,"UP","0125HL025",NA,NA,"","",25,1,"UP","0125HL025","","",25,1,17,10,30,"PM",1,0,0,0,"0","","NORTH ENID","338.75",40,41
"1874",25,1,"UP","0125RM006",NA,NA,"","",25,1,"UP","0125RM006","","",25,1,8,1,15,"PM",13,0,0,0,"0","","OGDEN","991.85",49,33
"1875",25,1,"NS","159070",NA,NA,"","",25,1,"NS","159070","","",25,1,23,8,35,"PM",4,31,0,0,"0","","COLUMBIA","R109.0",45,30
"1876",25,1,"AGR","AGR454725",NA,NA,"","",25,1,"AGR","AGR454725","","",25,1,3,7,55,"PM",4,17,1,0,"0","","MAGNOLIA","765",1,40
"1877",25,1,"UP","0125RM009",NA,NA,"","",25,1,"UP","0125RM009","","",25,1,12,7,41,"AM",1,0,0,0,"0","","OGDEN","817.99",49,28
"1878",25,1,"UP","0125RM001",NA,NA,"","",25,1,"UP","0125RM001","","",25,1,2,7,8,"AM",12,0,0,0,"0","","POCATELLO","213.0",16,38
"1879",25,1,"ACEX","ACEX0010F",NA,NA,"","",25,1,"UP","191DLL","","749965G",25,1,17,2,20,"PM",7,0,0,0,"0","","SANTA CLARA","41.6",6,58
"1880",25,1,"UP","0125SX020",25,1,"BNSF","RD0125131",25,1,"UP","0125SX020","","",25,1,30,1,30,"AM",1,0,0,0,"0","","LOCKHART","35.7",48,69
"1881",25,1,"MNCW","84334",NA,NA,"","",25,1,"MNCW","84334","","",25,1,1,11,42,"PM",13,0,0,0,"0","","STAMFORD","33.3",9,40
"1882",25,1,"CSX","000222731",NA,NA,"","",25,1,"CSX","000222731","","",25,1,22,1,2,"AM",12,0,0,0,"0","","INDIANAPOLIS","0009.0",18,-5
"1883",25,1,"UP","0125RM010",NA,NA,"","",25,1,"UP","0125RM010","","",25,1,12,7,40,"AM",1,0,0,0,"0","","EVANSTON","917.17",56,16
"1884",25,1,"CSX","000222572",NA,NA,"","",25,1,"CSX","000222572","","",25,1,13,2,25,"AM",12,0,0,0,"0","","INDIANAPOLIS","0009.0",18,20
"1885",25,1,"IC","1718447",NA,NA,"","",25,1,"IC","1718447","","300178C",25,1,10,2,40,"PM",7,34,0,0,"0","","INDEPENDENCE","849.73",22,45
"1886",25,1,"CSX","000222624",NA,NA,"","",25,1,"ZLFC","INDUSTRY","","",25,1,15,11,38,"AM",1,0,0,0,"0","","CUSTAR","0171.3",39,8
"1887",25,1,"NIRC","9419002555",NA,NA,"","",25,1,"NIRC","9419002555","","372101M",25,1,28,7,53,"AM",7,0,0,0,"0","","CHICAGO","8.6",17,30
"1888",25,1,"BRC","14840",NA,NA,"","",25,1,"BRC","14840","","",25,1,5,12,58,"PM",12,0,0,0,"0","","BEDFORD PARK","9",17,18
"1889",25,1,"CSX","000222731",NA,NA,"","",25,1,"CSX","000222731","","",25,1,22,1,2,"AM",12,0,0,0,"0","","INDIANAPOLIS","0009.0",18,-5
"1890",25,1,"LC","01162025",NA,NA,"","",25,1,"LC","01162025","","",25,1,16,9,0,"AM",12,0,0,0,"0","","LANCASTER","28",45,40
"1891",25,1,"ATK","184437",NA,NA,"","",NA,NA,"BNSF","","","",25,1,28,12,41,"PM",13,0,0,0,"0","","WASCO","0912.0",6,58
"1892",25,1,"UP","0125PN011",NA,NA,"","",25,1,"UP","0125PN011","","",25,1,8,1,39,"AM",1,0,0,0,"0","","PORTLAND","766.9",41,41
"1893",25,1,"PNWR","PNW058825D",NA,NA,"","",25,1,"PNWR","PNW058825D","","",25,1,4,11,50,"AM",1,0,0,0,"0","","CORVALLIS","688.12",41,48
"1894",25,1,"BNSF","MT0125111",NA,NA,"","",25,1,"BNSF","MT0125111","","",25,1,22,10,5,"PM",1,0,0,0,"0","","LAUREL","14",30,10
"1895",25,1,"NJTR","202502092",NA,NA,"","",25,1,"NJTR","202502092","","",25,1,20,8,35,"AM",9,0,0,0,"0","","RIDGEWOOD","20.9",34,12
"1896",25,1,"SCAX","011625",NA,NA,"","",25,1,"UP","0125LA016","","811057R",25,1,16,7,55,"AM",7,0,0,0,"0","","CITY OF INDUSTRY","12.3",6,70
"1897",25,1,"CSX","000223293",25,1,"ATK","184839",25,1,"CSX","000223293","","",25,1,9,6,50,"AM",1,0,0,0,"0","","INDIANAPOLIS","0104.0",18,5
"1898",25,1,"WE","250011",NA,NA,"","",25,1,"XSHY","INDUSTRY","","",25,1,29,5,30,"PM",1,0,0,0,"0","","CAREY","55.9",39,40
"1899",25,1,"MNA","MNA074325R",NA,NA,"","",25,1,"MNA","MNA074325R","","",25,1,19,3,0,"PM",1,0,0,0,"0","","NEWARK","266.6",5,23
"1900",25,1,"MNA","MNA074225O",NA,NA,"","",25,1,"MNA","MNA074225O","","",25,1,19,8,0,"AM",1,0,0,0,"0","","BERGMAN","416.8",5,12
"1901",25,1,"WE","250005",NA,NA,"","",25,1,"SWP","250108SWP","","",25,1,8,5,50,"AM",1,0,0,0,"0","","EVERSON","4.9",42,23
"1902",25,1,"BNSF","CA0125107",NA,NA,"","",25,1,"XHEG","INDUSTRY 1","","",25,1,14,2,30,"PM",1,1,1,0,"0","","SAN BERNARDINO","106.2",6,55
"1903",25,1,"NS","159106",NA,NA,"","",25,1,"NS","159106","","",25,1,27,3,9,"AM",1,0,0,0,"0","","PORTSMOUTH","605.6",39,30
"1904",25,1,"RLAX","RLAX11225",NA,NA,"","",25,1,"RLAX","RLAX11225","","",25,1,12,1,5,"AM",1,0,0,0,"0","","BAYTOWN","",48,42
"1905",25,1,"CSX","000222773",NA,NA,"","",25,1,"CSQZ","INDUSTRY","","",25,1,25,6,36,"PM",1,0,0,0,"0","","NORTH BALTIMORE","0051.0",39,30
"1906",25,1,"NS","158937",NA,NA,"","",25,1,"NS","158937","","",25,1,9,5,15,"PM",1,10,0,0,"0","","SADIEVILLE","055.70",21,23
"1907",25,1,"PAL","2025JAN3D",NA,NA,"","",25,1,"PAL","2025JAN3D","","",25,1,16,3,30,"PM",1,0,0,0,"0","","PADUCAH","226",21,52
"1908",25,1,"BVRR","250103002",NA,NA,"","",25,1,"BVRR","250103002","","",25,1,3,9,45,"AM",1,14,4,0,"0","","BOISE","451.2",16,35
"1909",25,1,"MNCW","84564",NA,NA,"","",25,1,"MNCW","84564","","",25,1,31,8,41,"AM",13,0,0,0,"0","","NORWALK","41.2",9,36
"1910",25,1,"CSX","000222670",NA,NA,"","",25,1,"CSX","000222670","","",25,1,18,5,26,"AM",1,5,0,0,"0","","MONON","0082.9",18,30
"1911",25,1,"CFE","CFE056025D",NA,NA,"","",25,1,"CFE","CFE056025D","","",25,1,1,8,45,"PM",1,0,0,0,"0","","LIMA","260.3",39,36
"1912",25,1,"BNSF","CA0125108",NA,NA,"","",25,1,"BNSF","CA0125108","","",25,1,14,11,15,"AM",1,9,0,0,"0","","COLTON","2.2",6,66
"1913",25,1,"MBTA","2507",NA,NA,"","",25,1,"MBTA","2507","","",25,1,28,3,10,"PM",13,0,0,0,"0","","ASSONET","3.1",25,36
"1914",25,1,"NS","159111",NA,NA,"","",25,1,"NS","159111","","525162E",25,1,27,5,2,"PM",7,0,0,0,"0","","CAMDEN","CF054.",39,30
"1915",25,1,"CSX","000222842",NA,NA,"","",25,1,"CSX","000222842","","",25,1,18,6,15,"AM",12,0,0,0,"0","","NASHVILLE","0190.0",47,47
"1916",25,1,"NS","159000",NA,NA,"","",25,1,"NS","159000","","",25,1,15,1,30,"PM",13,0,0,0,"0","","DOUGLASVILLE","659.00",13,50
"1917",25,1,"UP","0125SX021",NA,NA,"","",25,1,"UP","0125SX021","","",25,1,30,5,24,"PM",9,0,0,0,"0","","SAN ANTONIO","263.99",48,71
"1918",25,1,"RLAX","RLAX12725",NA,NA,"","",25,1,"RLAX","RLAX12725","","",25,1,27,2,0,"PM",1,0,0,0,"0","","BAYTOWN","",48,56
"1919",25,1,"UP","0125HO015",NA,NA,"","",25,1,"UP","0125HO015","","",25,1,10,6,20,"PM",12,25,1,0,"0","","HOUSTON","376.02",48,41
"1920",25,1,"UP","0125HO027",NA,NA,"","",25,1,"UP","0125HO027","","",25,1,17,7,30,"AM",1,0,0,0,"0","","DAYTON","46.06",48,41
"1921",25,1,"UP","0125MA044",NA,NA,"","",25,1,"UP","0125MA044","","",25,1,30,6,32,"AM",12,2,0,0,"0","","NORTH LITTLE ROCK","341.3",5,51
"1922",25,1,"SWP","250108SWP",25,1,"WE","250005",25,1,"SWP","250108SWP","","",25,1,8,5,50,"PM",1,0,0,0,"0","","EVERSON","2.45",42,26
"1923",25,1,"NS","158959",NA,NA,"","",25,1,"NS","158959","","",25,1,13,4,41,"AM",1,0,0,0,"0","","ALLENTOWN","88",42,24
"1924",25,1,"NIRC","9419002557",NA,NA,"","",25,1,"NIRC","9419002557","","",25,1,20,6,24,"AM",12,0,0,0,"0","","CHICAGO","6.24",17,-2
"1925",25,1,"ATK","184447",NA,NA,"","",NA,NA,"BNSF","","","084649T",25,1,27,9,59,"AM",7,0,0,0,"0","","MARYSVILLE","0040.1",53,32
"1926",25,1,"BNSF","KS0125101",NA,NA,"","",25,1,"BNSF","KS0125101","","",25,1,5,6,4,"AM",1,0,0,0,"0","","KANSAS CITY","5.8",20,2
"1927",25,1,"KO","250127003",NA,NA,"","",25,1,"XMKS","INDUSTRY","","",25,1,27,2,27,"PM",1,6,0,0,"0","","LYONS","655",20,39
"1928",25,1,"UP","0125HL048",25,1,"BNSF","RD0125116",25,1,"BNSF","RD0125116","","",25,1,15,3,30,"PM",1,0,0,0,"0","","ENID","340.55",40,52
"1929",25,1,"CSX","000222766",NA,NA,"","",25,1,"CSQZ","INDUSTRY","","",25,1,23,3,10,"AM",1,0,0,0,"0","","NORTH CHARLESTON","0388.0",45,26
"1930",25,1,"NS","159070",NA,NA,"","",25,1,"NS","159070","","",25,1,23,8,35,"PM",4,1,0,0,"0","","COLUMBIA","R109.0",45,30
"1931",25,1,"BNSF","HL0125123",NA,NA,"","",25,1,"BNSF","HL0125123","","",25,1,30,12,10,"PM",1,0,0,0,"0","","COLUMBUS","147.7",20,55
"1932",25,1,"CSS","CSS0065F",NA,NA,"","",25,1,"BRC","14847","","",25,1,29,2,0,"PM",1,0,0,0,"0","","CHICAGO","0.0",17,46
"1933",25,1,"CSX","000222572",NA,NA,"","",25,1,"CSX","000222572","","",25,1,13,2,25,"AM",12,0,0,0,"0","","INDIANAPOLIS","0009.0",18,20
"1934",25,1,"UP","0125RM001",NA,NA,"","",25,1,"UP","0125RM001","","",25,1,2,7,8,"AM",12,0,0,0,"0","","POCATELLO","213.0",16,38
"1935",25,1,"UP","0125RM017",NA,NA,"","",25,1,"UP","0125RM017","","",25,1,20,10,30,"PM",12,0,0,0,"0","","OGDEN","990.22",49,16
"1936",25,1,"UP","0125RM017",NA,NA,"","",25,1,"UP","0125RM017","","",25,1,20,10,30,"PM",12,0,0,0,"0","","OGDEN","990.22",49,16
"1937",25,1,"UP","0125RM017",NA,NA,"","",25,1,"UP","0125RM017","","",25,1,20,10,30,"PM",12,0,0,0,"0","","OGDEN","990.22",49,16
"1938",25,1,"UP","0125LA016",25,1,"SCAX","011625",25,1,"UP","0125LA016","","811057R",25,1,16,7,55,"AM",7,0,0,0,"0","","CITY OF INDUSTRY","11.8",6,70
"1939",25,1,"UP","0125GC004",NA,NA,"","",25,1,"UP","0125GC004","","",25,1,4,4,15,"PM",1,0,0,0,"0","","PORT ALLEN","6.5",22,62
"1940",25,1,"CSX","000222898",NA,NA,"","",25,1,"CSX","000222898","","",25,1,30,10,30,"PM",13,0,0,0,"0","","INDIANAPOLIS","0008.0",18,40
"1941",25,1,"CSX","000222742",NA,NA,"","",25,1,"CSX","000222742","","",25,1,24,3,30,"AM",1,0,0,0,"0","","INDIANAPOLIS","0009.0",18,4
"1942",25,1,"WC","1718752",NA,NA,"","",25,1,"WC","1718752","","",25,1,19,8,35,"PM",1,0,0,0,"0","","GARY","45.4",18,4
"1943",25,1,"WC","1718646",NA,NA,"","",25,1,"WC","1718646","","",25,1,17,7,52,"AM",12,0,0,0,"0","","GARY","45.4",18,37
"1944",25,1,"WC","1718646",NA,NA,"","",25,1,"WC","1718646","","",25,1,17,7,52,"AM",12,5,1,0,"0","","GARY","45.4",18,37
"1945",25,1,"TSWS","95612925",NA,NA,"","",25,1,"TSWS","95612925","","",25,1,29,4,30,"PM",1,0,0,0,"0","","VON ORMY","",48,75
"1946",25,1,"PTRA","2025001",NA,NA,"","",25,1,"UP","0125HO032","","",25,1,20,2,0,"PM",1,2,0,0,"0","","PASADENA","17.2",48,35
"1947",25,1,"BNSF","RD0125131",NA,NA,"","",25,1,"UP","0125SX020","","",25,1,30,1,30,"AM",1,0,0,0,"0","","LOCKHART","34.5",48,71
"1948",25,1,"NS","159105",NA,NA,"","",25,1,"NS","159105","","",25,1,26,5,30,"AM",1,0,0,0,"0","","BALTIMORE CITY","1",24,27
"1949",25,1,"CSX","000222673",NA,NA,"","",25,1,"CSX","000222673","","",25,1,18,3,30,"AM",1,0,0,0,"0","","SELKIRK","0015.0",36,34
"1950",25,1,"UP","0125HO050",NA,NA,"","",25,1,"UP","0125HO050","","",25,1,18,9,30,"AM",13,0,0,0,"0","","HOUSTON","375.86",48,57
"1951",25,1,"BNSF","SW0125113",NA,NA,"","",25,1,"BNSF","SW0125113","","",25,1,28,1,31,"AM",1,4,1,0,"0","","FLAGSTAFF","312.5",4,30
"1952",25,1,"BRC","14847",25,1,"CSS","CSS0065F",25,1,"BRC","14847","","",25,1,29,2,0,"PM",1,0,0,0,"0","","CHICAGO","21",17,46
"1953",25,1,"UP","0125MA044",NA,NA,"","",25,1,"UP","0125MA044","","",25,1,30,6,32,"AM",12,9,0,0,"0","","NORTH LITTLE ROCK","341.3",5,51
"1954",25,1,"CSX","000222513",NA,NA,"","",25,1,"CSX","000222513","","",25,1,7,4,0,"AM",1,0,0,0,"0","","BREMO BLUFF","0059.7",51,19
"1955",25,1,"CSX","000222591",NA,NA,"","",25,1,"CSX","000222591","","",25,1,13,8,0,"PM",4,0,0,0,"0","","RICHMOND","0001.0",51,30
"1956",25,1,"CSX","000222591",NA,NA,"","",25,1,"CSX","000222591","","",25,1,13,8,0,"PM",4,0,0,0,"0","","RICHMOND","0001.0",51,30
"1957",25,1,"NS","158873",NA,NA,"","",25,1,"NS","158873","","",25,1,3,4,30,"PM",1,13,1,0,"0","","ROANOKE CITY","261",51,32
"1958",25,1,"NS","158928",NA,NA,"","",25,1,"NS","158928","","",25,1,9,9,15,"PM",4,2,0,0,"0","","CREWE","N129.0",51,24
"1959",25,1,"NS","158928",NA,NA,"","",25,1,"NS","158928","","",25,1,9,9,15,"PM",4,2,0,0,"0","","CREWE","N129.0",51,24
"1960",25,1,"NS","159014",NA,NA,"","",25,1,"NS","159014","","",25,1,18,3,56,"AM",1,20,0,0,"0","","ROANOKE","257.8",51,35
"1961",25,1,"UP","0125GL021",NA,NA,"","",25,1,"UP","0125GL021","","200121A",25,1,22,3,45,"PM",7,14,0,0,"0","","DENISON","289.02",19,34
"1962",25,1,"BNSF","CH0125108",NA,NA,"","",25,1,"BNSF","CH0125108","","",25,1,23,3,6,"PM",1,14,0,0,"0","","THAYER","379",19,18
"1963",25,1,"UP","0125HL026",NA,NA,"","",25,1,"UP","0125HL026","","",25,1,18,1,40,"PM",1,2,2,0,"0","","HERINGTON","170.7",20,20
"1964",25,1,"UP","0125HL026",NA,NA,"","",25,1,"UP","0125HL026","","",25,1,18,1,40,"PM",1,60,1,0,"0","","HERINGTON","170.7",20,20
"1965",25,1,"UP","0125HL030",NA,NA,"","",25,1,"UP","0125HL030","","",25,1,20,6,36,"PM",1,0,0,0,"0","","ATCHISON","330.75",20,9
"1966",25,1,"AGR","AGR454725",NA,NA,"","",25,1,"AGR","AGR454725","","",25,1,3,7,55,"PM",4,10,0,0,"0","","MAGNOLIA","765",1,40
"1967",25,1,"UP","0125LA009",NA,NA,"","",25,1,"XWEM","INDUSTRY","","",25,1,13,6,10,"AM",13,7,7,0,"0","","RANDOLPH","966.0",4,28
"1968",25,1,"NJTR","202501034",NA,NA,"","",25,1,"NJTR","202501034","","",25,1,8,9,31,"AM",1,0,0,0,"0","","Hoboken","0.0",34,23
"1969",25,1,"NJTR","202502089",NA,NA,"","",25,1,"NJTR","202502088","","",25,1,27,2,28,"AM",13,0,0,0,"0","","Hoboken","0.3",34,32
"1970",25,1,"PATH","PATH0729F",NA,NA,"","",25,1,"PATH","PATH0729F","","",25,1,19,12,15,"AM",11,0,0,0,"0","","HOBOKEN","1168",34,50
"1971",25,1,"CRSH","146952",NA,NA,"","",25,1,"CRSH","146952","","",25,1,1,5,45,"PM",1,0,0,0,"0","","KEARNY","0.5",34,37
"1972",25,1,"BNSF","HL0125108",NA,NA,"","",25,1,"BNSF","HL0125108","","",25,1,7,8,58,"PM",2,18,0,0,"0","","NEWBURG","119.9",29,17
"1973",25,1,"BNSF","HL0125108",NA,NA,"","",25,1,"BNSF","HL0125108","","",25,1,7,8,58,"PM",2,1,0,0,"0","","NEWBURG","119.9",29,17
"1974",25,1,"ALS","0125AS005",NA,NA,"","",25,1,"ALS","0125AS005","","",25,1,26,3,53,"AM",12,14,0,0,"0","","EAST ST LOUIS","3.8",17,34
"1975",25,1,"UP","0125PR012",NA,NA,"","",25,1,"UP","0125PR012","","",25,1,31,5,0,"AM",1,0,0,0,"0","","BERKELEY","14.0",17,40
"1976",25,1,"UP","0125MA001",NA,NA,"","",25,1,"PCEQ","INDUSTRY","","",25,1,1,11,57,"AM",1,0,0,0,"0","","OGDEN","120.1",17,30
"1977",25,1,"CSX","000222693",NA,NA,"","",25,1,"CSX","000222693","","",25,1,20,1,19,"AM",1,0,0,0,"0","","BROWNSTOWN","0164.0",17,5
"1978",25,1,"NS","159056",NA,NA,"","",25,1,"NS","159056","","",25,1,21,9,30,"PM",13,2,2,0,"0","","MELVINDALE","D007.0",26,3
"1979",25,1,"ATK","184361",NA,NA,"","",25,1,"NS","159075","","544663K",25,1,24,5,16,"AM",7,0,0,0,"0","","COLUMBIANA","0059.4",39,16
"1980",25,1,"NIRC","9419002549",NA,NA,"","",25,1,"NIRC","9419002549","","",25,1,17,8,39,"AM",5,0,0,0,"0","","CHICAGO","3.9",17,35
"1981",25,1,"NIRC","9419002549",NA,NA,"","",25,1,"NIRC","9419002549","","",25,1,17,8,39,"AM",5,0,0,0,"0","","CHICAGO","3.9",17,35
"1982",25,1,"CSX","000222842",NA,NA,"","",25,1,"CSX","000222842","","",25,1,18,6,15,"AM",12,0,0,0,"0","","NASHVILLE","0190.0",47,47
"1983",25,1,"RCPE","RCP064425A",NA,NA,"","",25,1,"RCPE","RCP064425A","","",25,1,8,12,30,"AM",13,19,0,0,"0","","DE SMET","333",46,-1
"1984",25,1,"CSX","000222868",NA,NA,"","",25,1,"CSX","000222868","","",25,1,29,5,15,"AM",1,0,0,0,"0","","NASHVILLE","0190.0",47,50
"1985",25,1,"CSX","000222846",NA,NA,"","",25,1,"CSX","000222846","","348028F",25,1,26,12,0,"AM",7,0,0,0,"0","","NASHVILLE","0006.9",47,47
"1986",24,12,"IC","171849",NA,NA,"","",24,12,"IC","171849","","",24,12,5,3,21,"AM",12,0,0,0,"0","","HARVEY","23.98",17,14
"1987",24,12,"BNSF","RD1224114",NA,NA,"","",24,12,"BNSF","RD1224114","","",24,12,12,10,55,"AM",1,0,0,0,"0","","TULSA","425.3",40,60
"1988",24,12,"CSX","000222253",NA,NA,"","",24,12,"CSX","000222253","","",24,12,20,9,50,"AM",4,0,0,0,"0","","INDIANAPOLIS","0009.0",18,34
"1989",24,12,"UP","1224TO005",NA,NA,"","",24,12,"BNSF","RD1224103","","",24,12,2,7,33,"PM",1,0,0,0,"0","","SAGINAW","8.74",48,56
"1990",24,12,"UP","1224SX020",NA,NA,"","",24,12,"UP","1224SX020","","",24,12,27,3,20,"AM",1,10,0,0,"0","","SAN ANTONIO","265.23",48,48
"1991",24,12,"UP","1224HO032",NA,NA,"","",24,12,"BNSF","RD1224202","","023198A",24,12,18,9,15,"AM",7,60,0,0,"0","","ALVIN","0.63",48,68
"1992",24,12,"UP","1224SX007",NA,NA,"","",24,12,"UP","1224SX007","","",24,12,11,3,33,"AM",1,0,0,0,"0","","SAN ANTONIO","264.0",48,40
"1993",24,12,"UP","1224SX001",NA,NA,"","",24,12,"VM","INDUSTRY","","",24,12,7,4,30,"AM",1,0,0,0,"0","","SAN ANTONIO","12.95",48,47
"1994",24,12,"BNSF","SW1224106",NA,NA,"","",24,12,"BNSF","SW1224106","","",24,12,26,7,53,"PM",1,0,0,0,"0","","WINSLOW","285.9",4,45
"1995",24,12,"SFRV","12072024",NA,NA,"","",24,12,"SFRV","12072024","","628282G",24,12,7,7,48,"PM",7,0,0,0,"0","","HOLLYWOOD","1020.8",12,75
"1996",24,12,"UP","1224GC009",NA,NA,"","",24,12,"UP","1224GC009","","",24,12,10,9,54,"AM",1,0,0,0,"0","","MARINGOUIN","111.0",22,65
"1997",24,12,"IC","1717509",NA,NA,"","",24,12,"CARG","INDUSTRY","","",24,12,8,10,38,"AM",12,0,0,0,"0","","RESERVE","419.5",22,62
"1998",24,12,"ATK","183781",NA,NA,"","",24,12,"BNSF","SW1224202","","024856Y",24,12,18,5,39,"PM",7,0,0,0,"0","","GRANTS","0096.7",35,30
"1999",24,12,"CSX","000222076",NA,NA,"","",24,12,"CSX","000222076","","",24,12,7,7,34,"PM",1,0,0,0,"0","","MONTGOMERY","0896.0",1,46
"2000",24,12,"UP","1224HO010",NA,NA,"","",24,12,"UP","1224HO010","","",24,12,5,10,30,"AM",12,5,0,0,"0","","HOUSTON","357.5",48,61
